/*
 Navicat Premium Data Transfer

 Source Server         : localhost本地mysql
 Source Server Type    : MySQL
 Source Server Version : 80026
 Source Host           : localhost:3306
 Source Schema         : tgbot

 Target Server Type    : MySQL
 Target Server Version : 80026
 File Encoding         : 65001

 Date: 02/11/2021 09:38:04
*/

SET NAMES utf8mb4;
SET FOREIGN_KEY_CHECKS = 0;

-- ----------------------------
-- Table structure for gen_table
-- ----------------------------
DROP TABLE IF EXISTS `gen_table`;
CREATE TABLE `gen_table`  (
  `table_id` bigint(0) NOT NULL AUTO_INCREMENT COMMENT '编号',
  `table_name` varchar(200) CHARACTER SET utf8 COLLATE utf8_bin NULL DEFAULT '' COMMENT '表名称',
  `table_comment` varchar(500) CHARACTER SET utf8 COLLATE utf8_bin NULL DEFAULT '' COMMENT '表描述',
  `sub_table_name` varchar(64) CHARACTER SET utf8 COLLATE utf8_bin NULL DEFAULT NULL COMMENT '关联子表的表名',
  `sub_table_fk_name` varchar(64) CHARACTER SET utf8 COLLATE utf8_bin NULL DEFAULT NULL COMMENT '子表关联的外键名',
  `class_name` varchar(100) CHARACTER SET utf8 COLLATE utf8_bin NULL DEFAULT '' COMMENT '实体类名称',
  `tpl_category` varchar(200) CHARACTER SET utf8 COLLATE utf8_bin NULL DEFAULT 'crud' COMMENT '使用的模板（crud单表操作 tree树表操作 sub主子表操作）',
  `package_name` varchar(100) CHARACTER SET utf8 COLLATE utf8_bin NULL DEFAULT NULL COMMENT '生成包路径',
  `module_name` varchar(30) CHARACTER SET utf8 COLLATE utf8_bin NULL DEFAULT NULL COMMENT '生成模块名',
  `business_name` varchar(30) CHARACTER SET utf8 COLLATE utf8_bin NULL DEFAULT NULL COMMENT '生成业务名',
  `function_name` varchar(50) CHARACTER SET utf8 COLLATE utf8_bin NULL DEFAULT NULL COMMENT '生成功能名',
  `function_author` varchar(50) CHARACTER SET utf8 COLLATE utf8_bin NULL DEFAULT NULL COMMENT '生成功能作者',
  `gen_type` char(1) CHARACTER SET utf8 COLLATE utf8_bin NULL DEFAULT '0' COMMENT '生成代码方式（0zip压缩包 1自定义路径）',
  `gen_path` varchar(200) CHARACTER SET utf8 COLLATE utf8_bin NULL DEFAULT '/' COMMENT '生成路径（不填默认项目路径）',
  `options` varchar(1000) CHARACTER SET utf8 COLLATE utf8_bin NULL DEFAULT NULL COMMENT '其它生成选项',
  `create_by` varchar(64) CHARACTER SET utf8 COLLATE utf8_bin NULL DEFAULT '' COMMENT '创建者',
  `create_time` datetime(0) NULL DEFAULT NULL COMMENT '创建时间',
  `update_by` varchar(64) CHARACTER SET utf8 COLLATE utf8_bin NULL DEFAULT '' COMMENT '更新者',
  `update_time` datetime(0) NULL DEFAULT NULL COMMENT '更新时间',
  `remark` varchar(500) CHARACTER SET utf8 COLLATE utf8_bin NULL DEFAULT NULL COMMENT '备注',
  PRIMARY KEY (`table_id`) USING BTREE
) ENGINE = InnoDB AUTO_INCREMENT = 2 CHARACTER SET = utf8 COLLATE = utf8_bin COMMENT = '代码生成业务表' ROW_FORMAT = Dynamic;

-- ----------------------------
-- Records of gen_table
-- ----------------------------
INSERT INTO `gen_table` VALUES (2, 'tg_user', 'tg用户', '', NULL, 'TgUser', 'crud', 'com.ruoyi.system', 'system', 'tgUser', 'tg用户管理', 'ruoyi', '0', '/', '{\"parentMenuId\":\"1\",\"treeName\":\"\",\"treeParentCode\":\"\",\"parentMenuName\":\"系统管理\",\"treeCode\":\"\"}', 'admin', '2021-10-28 14:01:49', '', '2021-10-28 14:06:00', '');
INSERT INTO `gen_table` VALUES (3, 'tg_user_message', '用户信息表', '', NULL, 'TgUserMessage', 'crud', 'com.ruoyi.system', 'system', 'message', '用户消息', 'ruoyi', '0', '/', '{\"parentMenuId\":\"1\",\"treeName\":\"\",\"treeParentCode\":\"\",\"parentMenuName\":\"系统管理\",\"treeCode\":\"\"}', 'admin', '2021-11-01 15:40:35', '', '2021-11-01 15:41:15', '');
INSERT INTO `gen_table` VALUES (4, 'tg_bot_token', '机器人token', '', NULL, 'TgBotToken', 'crud', 'com.ruoyi.system', 'system', 'token', '机器人token', 'ruoyi', '0', '/', '{\"parentMenuId\":\"1\",\"treeName\":\"\",\"treeParentCode\":\"\",\"parentMenuName\":\"系统管理\",\"treeCode\":\"\"}', 'admin', '2021-11-01 19:38:47', '', '2021-11-01 19:39:49', '');

-- ----------------------------
-- Table structure for gen_table_column
-- ----------------------------
DROP TABLE IF EXISTS `gen_table_column`;
CREATE TABLE `gen_table_column`  (
  `column_id` bigint(0) NOT NULL AUTO_INCREMENT COMMENT '编号',
  `table_id` varchar(64) CHARACTER SET utf8 COLLATE utf8_bin NULL DEFAULT NULL COMMENT '归属表编号',
  `column_name` varchar(200) CHARACTER SET utf8 COLLATE utf8_bin NULL DEFAULT NULL COMMENT '列名称',
  `column_comment` varchar(500) CHARACTER SET utf8 COLLATE utf8_bin NULL DEFAULT NULL COMMENT '列描述',
  `column_type` varchar(100) CHARACTER SET utf8 COLLATE utf8_bin NULL DEFAULT NULL COMMENT '列类型',
  `java_type` varchar(500) CHARACTER SET utf8 COLLATE utf8_bin NULL DEFAULT NULL COMMENT 'JAVA类型',
  `java_field` varchar(200) CHARACTER SET utf8 COLLATE utf8_bin NULL DEFAULT NULL COMMENT 'JAVA字段名',
  `is_pk` char(1) CHARACTER SET utf8 COLLATE utf8_bin NULL DEFAULT NULL COMMENT '是否主键（1是）',
  `is_increment` char(1) CHARACTER SET utf8 COLLATE utf8_bin NULL DEFAULT NULL COMMENT '是否自增（1是）',
  `is_required` char(1) CHARACTER SET utf8 COLLATE utf8_bin NULL DEFAULT NULL COMMENT '是否必填（1是）',
  `is_insert` char(1) CHARACTER SET utf8 COLLATE utf8_bin NULL DEFAULT NULL COMMENT '是否为插入字段（1是）',
  `is_edit` char(1) CHARACTER SET utf8 COLLATE utf8_bin NULL DEFAULT NULL COMMENT '是否编辑字段（1是）',
  `is_list` char(1) CHARACTER SET utf8 COLLATE utf8_bin NULL DEFAULT NULL COMMENT '是否列表字段（1是）',
  `is_query` char(1) CHARACTER SET utf8 COLLATE utf8_bin NULL DEFAULT NULL COMMENT '是否查询字段（1是）',
  `query_type` varchar(200) CHARACTER SET utf8 COLLATE utf8_bin NULL DEFAULT 'EQ' COMMENT '查询方式（等于、不等于、大于、小于、范围）',
  `html_type` varchar(200) CHARACTER SET utf8 COLLATE utf8_bin NULL DEFAULT NULL COMMENT '显示类型（文本框、文本域、下拉框、复选框、单选框、日期控件）',
  `dict_type` varchar(200) CHARACTER SET utf8 COLLATE utf8_bin NULL DEFAULT '' COMMENT '字典类型',
  `sort` int(0) NULL DEFAULT NULL COMMENT '排序',
  `create_by` varchar(64) CHARACTER SET utf8 COLLATE utf8_bin NULL DEFAULT '' COMMENT '创建者',
  `create_time` datetime(0) NULL DEFAULT NULL COMMENT '创建时间',
  `update_by` varchar(64) CHARACTER SET utf8 COLLATE utf8_bin NULL DEFAULT '' COMMENT '更新者',
  `update_time` datetime(0) NULL DEFAULT NULL COMMENT '更新时间',
  PRIMARY KEY (`column_id`) USING BTREE
) ENGINE = InnoDB AUTO_INCREMENT = 13 CHARACTER SET = utf8 COLLATE = utf8_bin COMMENT = '代码生成业务表字段' ROW_FORMAT = Dynamic;

-- ----------------------------
-- Records of gen_table_column
-- ----------------------------
INSERT INTO `gen_table_column` VALUES (7, '2', 'id', '编号', 'int', 'Long', 'id', '1', '1', NULL, '1', NULL, NULL, NULL, 'EQ', 'input', '', 1, 'admin', '2021-10-28 14:01:49', NULL, '2021-10-28 14:06:00');
INSERT INTO `gen_table_column` VALUES (8, '2', 'user_id', 'tg用户id', 'varchar(255)', 'String', 'userId', '0', '0', NULL, '1', '1', '1', '1', 'EQ', 'input', '', 2, 'admin', '2021-10-28 14:01:49', NULL, '2021-10-28 14:06:00');
INSERT INTO `gen_table_column` VALUES (9, '2', 'chat_id', '所属会话', 'varchar(255)', 'String', 'chatId', '0', '0', NULL, '1', '1', '1', '1', 'EQ', 'input', '', 3, 'admin', '2021-10-28 14:01:49', NULL, '2021-10-28 14:06:00');
INSERT INTO `gen_table_column` VALUES (10, '2', 'if_ban', '是否封禁', 'int', 'Long', 'ifBan', '0', '0', NULL, '1', '1', '1', '1', 'EQ', 'select', 'tg_if_ban', 4, 'admin', '2021-10-28 14:01:49', NULL, '2021-10-28 14:06:00');
INSERT INTO `gen_table_column` VALUES (11, '2', '\r\nverification_code', '验证码', 'varchar(255)', 'String', 'verificationCode', '0', '0', NULL, '1', '1', '1', '1', 'EQ', 'input', '', 5, 'admin', '2021-10-28 14:01:49', NULL, '2021-10-28 14:06:00');
INSERT INTO `gen_table_column` VALUES (12, '2', 'true_res', '正确结果', 'varchar(255)', 'String', 'trueRes', '0', '0', NULL, '1', '1', '1', '1', 'EQ', 'input', '', 6, 'admin', '2021-10-28 14:01:49', NULL, '2021-10-28 14:06:00');
INSERT INTO `gen_table_column` VALUES (13, '2', 'create_time', '创建时间', 'varchar(255)', 'String', 'createTime', '0', '0', NULL, '1', NULL, NULL, NULL, 'EQ', 'input', '', 7, 'admin', '2021-10-28 14:01:49', NULL, '2021-10-28 14:06:00');
INSERT INTO `gen_table_column` VALUES (14, '3', 'id', '', 'int', 'Long', 'id', '1', '1', NULL, '1', NULL, NULL, NULL, 'EQ', 'input', '', 1, 'admin', '2021-11-01 15:40:35', NULL, '2021-11-01 15:41:15');
INSERT INTO `gen_table_column` VALUES (15, '3', 'user_id', '用户id', 'varchar(255)', 'String', 'userId', '0', '0', NULL, '1', '1', '1', '1', 'EQ', 'input', '', 2, 'admin', '2021-11-01 15:40:35', NULL, '2021-11-01 15:41:15');
INSERT INTO `gen_table_column` VALUES (16, '3', 'message_id', '消息id', 'bigint', 'Long', 'messageId', '0', '0', NULL, '1', '1', '1', '1', 'EQ', 'input', '', 3, 'admin', '2021-11-01 15:40:35', NULL, '2021-11-01 15:41:15');
INSERT INTO `gen_table_column` VALUES (17, '4', 'token', '注册得到的机器人token', 'varchar(255)', 'String', 'token', '0', '0', NULL, '1', '1', '1', '1', 'EQ', 'input', '', 1, 'admin', '2021-11-01 19:38:47', NULL, '2021-11-01 19:39:49');

-- ----------------------------
-- Table structure for qrtz_blob_triggers
-- ----------------------------
DROP TABLE IF EXISTS `qrtz_blob_triggers`;
CREATE TABLE `qrtz_blob_triggers`  (
  `sched_name` varchar(120) CHARACTER SET utf8 COLLATE utf8_bin NOT NULL COMMENT '调度名称',
  `trigger_name` varchar(200) CHARACTER SET utf8 COLLATE utf8_bin NOT NULL COMMENT 'qrtz_triggers表trigger_name的外键',
  `trigger_group` varchar(200) CHARACTER SET utf8 COLLATE utf8_bin NOT NULL COMMENT 'qrtz_triggers表trigger_group的外键',
  `blob_data` blob NULL COMMENT '存放持久化Trigger对象',
  PRIMARY KEY (`sched_name`, `trigger_name`, `trigger_group`) USING BTREE,
  CONSTRAINT `qrtz_blob_triggers_ibfk_1` FOREIGN KEY (`sched_name`, `trigger_name`, `trigger_group`) REFERENCES `qrtz_triggers` (`sched_name`, `trigger_name`, `trigger_group`) ON DELETE RESTRICT ON UPDATE RESTRICT
) ENGINE = InnoDB CHARACTER SET = utf8 COLLATE = utf8_bin COMMENT = 'Blob类型的触发器表' ROW_FORMAT = Dynamic;

-- ----------------------------
-- Records of qrtz_blob_triggers
-- ----------------------------

-- ----------------------------
-- Table structure for qrtz_calendars
-- ----------------------------
DROP TABLE IF EXISTS `qrtz_calendars`;
CREATE TABLE `qrtz_calendars`  (
  `sched_name` varchar(120) CHARACTER SET utf8 COLLATE utf8_bin NOT NULL COMMENT '调度名称',
  `calendar_name` varchar(200) CHARACTER SET utf8 COLLATE utf8_bin NOT NULL COMMENT '日历名称',
  `calendar` blob NOT NULL COMMENT '存放持久化calendar对象',
  PRIMARY KEY (`sched_name`, `calendar_name`) USING BTREE
) ENGINE = InnoDB CHARACTER SET = utf8 COLLATE = utf8_bin COMMENT = '日历信息表' ROW_FORMAT = Dynamic;

-- ----------------------------
-- Records of qrtz_calendars
-- ----------------------------

-- ----------------------------
-- Table structure for qrtz_cron_triggers
-- ----------------------------
DROP TABLE IF EXISTS `qrtz_cron_triggers`;
CREATE TABLE `qrtz_cron_triggers`  (
  `sched_name` varchar(120) CHARACTER SET utf8 COLLATE utf8_bin NOT NULL COMMENT '调度名称',
  `trigger_name` varchar(200) CHARACTER SET utf8 COLLATE utf8_bin NOT NULL COMMENT 'qrtz_triggers表trigger_name的外键',
  `trigger_group` varchar(200) CHARACTER SET utf8 COLLATE utf8_bin NOT NULL COMMENT 'qrtz_triggers表trigger_group的外键',
  `cron_expression` varchar(200) CHARACTER SET utf8 COLLATE utf8_bin NOT NULL COMMENT 'cron表达式',
  `time_zone_id` varchar(80) CHARACTER SET utf8 COLLATE utf8_bin NULL DEFAULT NULL COMMENT '时区',
  PRIMARY KEY (`sched_name`, `trigger_name`, `trigger_group`) USING BTREE,
  CONSTRAINT `qrtz_cron_triggers_ibfk_1` FOREIGN KEY (`sched_name`, `trigger_name`, `trigger_group`) REFERENCES `qrtz_triggers` (`sched_name`, `trigger_name`, `trigger_group`) ON DELETE RESTRICT ON UPDATE RESTRICT
) ENGINE = InnoDB CHARACTER SET = utf8 COLLATE = utf8_bin COMMENT = 'Cron类型的触发器表' ROW_FORMAT = Dynamic;

-- ----------------------------
-- Records of qrtz_cron_triggers
-- ----------------------------
INSERT INTO `qrtz_cron_triggers` VALUES ('RuoyiScheduler', 'TASK_CLASS_NAME1', 'DEFAULT', '0/10 * * * * ?', 'Asia/Shanghai');
INSERT INTO `qrtz_cron_triggers` VALUES ('RuoyiScheduler', 'TASK_CLASS_NAME2', 'DEFAULT', '0/15 * * * * ?', 'Asia/Shanghai');
INSERT INTO `qrtz_cron_triggers` VALUES ('RuoyiScheduler', 'TASK_CLASS_NAME3', 'DEFAULT', '0/20 * * * * ?', 'Asia/Shanghai');

-- ----------------------------
-- Table structure for qrtz_fired_triggers
-- ----------------------------
DROP TABLE IF EXISTS `qrtz_fired_triggers`;
CREATE TABLE `qrtz_fired_triggers`  (
  `sched_name` varchar(120) CHARACTER SET utf8 COLLATE utf8_bin NOT NULL COMMENT '调度名称',
  `entry_id` varchar(95) CHARACTER SET utf8 COLLATE utf8_bin NOT NULL COMMENT '调度器实例id',
  `trigger_name` varchar(200) CHARACTER SET utf8 COLLATE utf8_bin NOT NULL COMMENT 'qrtz_triggers表trigger_name的外键',
  `trigger_group` varchar(200) CHARACTER SET utf8 COLLATE utf8_bin NOT NULL COMMENT 'qrtz_triggers表trigger_group的外键',
  `instance_name` varchar(200) CHARACTER SET utf8 COLLATE utf8_bin NOT NULL COMMENT '调度器实例名',
  `fired_time` bigint(0) NOT NULL COMMENT '触发的时间',
  `sched_time` bigint(0) NOT NULL COMMENT '定时器制定的时间',
  `priority` int(0) NOT NULL COMMENT '优先级',
  `state` varchar(16) CHARACTER SET utf8 COLLATE utf8_bin NOT NULL COMMENT '状态',
  `job_name` varchar(200) CHARACTER SET utf8 COLLATE utf8_bin NULL DEFAULT NULL COMMENT '任务名称',
  `job_group` varchar(200) CHARACTER SET utf8 COLLATE utf8_bin NULL DEFAULT NULL COMMENT '任务组名',
  `is_nonconcurrent` varchar(1) CHARACTER SET utf8 COLLATE utf8_bin NULL DEFAULT NULL COMMENT '是否并发',
  `requests_recovery` varchar(1) CHARACTER SET utf8 COLLATE utf8_bin NULL DEFAULT NULL COMMENT '是否接受恢复执行',
  PRIMARY KEY (`sched_name`, `entry_id`) USING BTREE
) ENGINE = InnoDB CHARACTER SET = utf8 COLLATE = utf8_bin COMMENT = '已触发的触发器表' ROW_FORMAT = Dynamic;

-- ----------------------------
-- Records of qrtz_fired_triggers
-- ----------------------------

-- ----------------------------
-- Table structure for qrtz_job_details
-- ----------------------------
DROP TABLE IF EXISTS `qrtz_job_details`;
CREATE TABLE `qrtz_job_details`  (
  `sched_name` varchar(120) CHARACTER SET utf8 COLLATE utf8_bin NOT NULL COMMENT '调度名称',
  `job_name` varchar(200) CHARACTER SET utf8 COLLATE utf8_bin NOT NULL COMMENT '任务名称',
  `job_group` varchar(200) CHARACTER SET utf8 COLLATE utf8_bin NOT NULL COMMENT '任务组名',
  `description` varchar(250) CHARACTER SET utf8 COLLATE utf8_bin NULL DEFAULT NULL COMMENT '相关介绍',
  `job_class_name` varchar(250) CHARACTER SET utf8 COLLATE utf8_bin NOT NULL COMMENT '执行任务类名称',
  `is_durable` varchar(1) CHARACTER SET utf8 COLLATE utf8_bin NOT NULL COMMENT '是否持久化',
  `is_nonconcurrent` varchar(1) CHARACTER SET utf8 COLLATE utf8_bin NOT NULL COMMENT '是否并发',
  `is_update_data` varchar(1) CHARACTER SET utf8 COLLATE utf8_bin NOT NULL COMMENT '是否更新数据',
  `requests_recovery` varchar(1) CHARACTER SET utf8 COLLATE utf8_bin NOT NULL COMMENT '是否接受恢复执行',
  `job_data` blob NULL COMMENT '存放持久化job对象',
  PRIMARY KEY (`sched_name`, `job_name`, `job_group`) USING BTREE
) ENGINE = InnoDB CHARACTER SET = utf8 COLLATE = utf8_bin COMMENT = '任务详细信息表' ROW_FORMAT = Dynamic;

-- ----------------------------
-- Records of qrtz_job_details
-- ----------------------------
INSERT INTO `qrtz_job_details` VALUES ('RuoyiScheduler', 'TASK_CLASS_NAME1', 'DEFAULT', NULL, 'com.ruoyi.quartz.util.QuartzDisallowConcurrentExecution', '0', '1', '0', '0', 0xACED0005737200156F72672E71756172747A2E4A6F62446174614D61709FB083E8BFA9B0CB020000787200266F72672E71756172747A2E7574696C732E537472696E674B65794469727479466C61674D61708208E8C3FBC55D280200015A0013616C6C6F77735472616E7369656E74446174617872001D6F72672E71756172747A2E7574696C732E4469727479466C61674D617013E62EAD28760ACE0200025A000564697274794C00036D617074000F4C6A6176612F7574696C2F4D61703B787001737200116A6176612E7574696C2E486173684D61700507DAC1C31660D103000246000A6C6F6164466163746F724900097468726573686F6C6478703F4000000000000C7708000000100000000174000F5441534B5F50524F504552544945537372001E636F6D2E72756F79692E71756172747A2E646F6D61696E2E5379734A6F6200000000000000010200084C000A636F6E63757272656E747400124C6A6176612F6C616E672F537472696E673B4C000E63726F6E45787072657373696F6E71007E00094C000C696E766F6B6554617267657471007E00094C00086A6F6247726F757071007E00094C00056A6F6249647400104C6A6176612F6C616E672F4C6F6E673B4C00076A6F624E616D6571007E00094C000D6D697366697265506F6C69637971007E00094C000673746174757371007E000978720027636F6D2E72756F79692E636F6D6D6F6E2E636F72652E646F6D61696E2E42617365456E7469747900000000000000010200074C0008637265617465427971007E00094C000A63726561746554696D657400104C6A6176612F7574696C2F446174653B4C0006706172616D7371007E00034C000672656D61726B71007E00094C000B73656172636856616C756571007E00094C0008757064617465427971007E00094C000A75706461746554696D6571007E000C787074000561646D696E7372000E6A6176612E7574696C2E44617465686A81014B597419030000787077080000017CC4FCAC5078707400007070707400013174000E302F3130202A202A202A202A203F74001172795461736B2E72794E6F506172616D7374000744454641554C547372000E6A6176612E6C616E672E4C6F6E673B8BE490CC8F23DF0200014A000576616C7565787200106A6176612E6C616E672E4E756D62657286AC951D0B94E08B02000078700000000000000001740018E7B3BBE7BB9FE9BB98E8AEA4EFBC88E697A0E58F82EFBC8974000133740001317800);
INSERT INTO `qrtz_job_details` VALUES ('RuoyiScheduler', 'TASK_CLASS_NAME2', 'DEFAULT', NULL, 'com.ruoyi.quartz.util.QuartzDisallowConcurrentExecution', '0', '1', '0', '0', 0xACED0005737200156F72672E71756172747A2E4A6F62446174614D61709FB083E8BFA9B0CB020000787200266F72672E71756172747A2E7574696C732E537472696E674B65794469727479466C61674D61708208E8C3FBC55D280200015A0013616C6C6F77735472616E7369656E74446174617872001D6F72672E71756172747A2E7574696C732E4469727479466C61674D617013E62EAD28760ACE0200025A000564697274794C00036D617074000F4C6A6176612F7574696C2F4D61703B787001737200116A6176612E7574696C2E486173684D61700507DAC1C31660D103000246000A6C6F6164466163746F724900097468726573686F6C6478703F4000000000000C7708000000100000000174000F5441534B5F50524F504552544945537372001E636F6D2E72756F79692E71756172747A2E646F6D61696E2E5379734A6F6200000000000000010200084C000A636F6E63757272656E747400124C6A6176612F6C616E672F537472696E673B4C000E63726F6E45787072657373696F6E71007E00094C000C696E766F6B6554617267657471007E00094C00086A6F6247726F757071007E00094C00056A6F6249647400104C6A6176612F6C616E672F4C6F6E673B4C00076A6F624E616D6571007E00094C000D6D697366697265506F6C69637971007E00094C000673746174757371007E000978720027636F6D2E72756F79692E636F6D6D6F6E2E636F72652E646F6D61696E2E42617365456E7469747900000000000000010200074C0008637265617465427971007E00094C000A63726561746554696D657400104C6A6176612F7574696C2F446174653B4C0006706172616D7371007E00034C000672656D61726B71007E00094C000B73656172636856616C756571007E00094C0008757064617465427971007E00094C000A75706461746554696D6571007E000C787074000561646D696E7372000E6A6176612E7574696C2E44617465686A81014B597419030000787077080000017CC4FCAC5078707400007070707400013174000E302F3135202A202A202A202A203F74001572795461736B2E7279506172616D7328277279272974000744454641554C547372000E6A6176612E6C616E672E4C6F6E673B8BE490CC8F23DF0200014A000576616C7565787200106A6176612E6C616E672E4E756D62657286AC951D0B94E08B02000078700000000000000002740018E7B3BBE7BB9FE9BB98E8AEA4EFBC88E69C89E58F82EFBC8974000133740001317800);
INSERT INTO `qrtz_job_details` VALUES ('RuoyiScheduler', 'TASK_CLASS_NAME3', 'DEFAULT', NULL, 'com.ruoyi.quartz.util.QuartzDisallowConcurrentExecution', '0', '1', '0', '0', 0xACED0005737200156F72672E71756172747A2E4A6F62446174614D61709FB083E8BFA9B0CB020000787200266F72672E71756172747A2E7574696C732E537472696E674B65794469727479466C61674D61708208E8C3FBC55D280200015A0013616C6C6F77735472616E7369656E74446174617872001D6F72672E71756172747A2E7574696C732E4469727479466C61674D617013E62EAD28760ACE0200025A000564697274794C00036D617074000F4C6A6176612F7574696C2F4D61703B787001737200116A6176612E7574696C2E486173684D61700507DAC1C31660D103000246000A6C6F6164466163746F724900097468726573686F6C6478703F4000000000000C7708000000100000000174000F5441534B5F50524F504552544945537372001E636F6D2E72756F79692E71756172747A2E646F6D61696E2E5379734A6F6200000000000000010200084C000A636F6E63757272656E747400124C6A6176612F6C616E672F537472696E673B4C000E63726F6E45787072657373696F6E71007E00094C000C696E766F6B6554617267657471007E00094C00086A6F6247726F757071007E00094C00056A6F6249647400104C6A6176612F6C616E672F4C6F6E673B4C00076A6F624E616D6571007E00094C000D6D697366697265506F6C69637971007E00094C000673746174757371007E000978720027636F6D2E72756F79692E636F6D6D6F6E2E636F72652E646F6D61696E2E42617365456E7469747900000000000000010200074C0008637265617465427971007E00094C000A63726561746554696D657400104C6A6176612F7574696C2F446174653B4C0006706172616D7371007E00034C000672656D61726B71007E00094C000B73656172636856616C756571007E00094C0008757064617465427971007E00094C000A75706461746554696D6571007E000C787074000561646D696E7372000E6A6176612E7574696C2E44617465686A81014B597419030000787077080000017CC4FCAC5078707400007070707400013174000E302F3230202A202A202A202A203F74003872795461736B2E72794D756C7469706C65506172616D7328277279272C20747275652C20323030304C2C203331362E3530442C203130302974000744454641554C547372000E6A6176612E6C616E672E4C6F6E673B8BE490CC8F23DF0200014A000576616C7565787200106A6176612E6C616E672E4E756D62657286AC951D0B94E08B02000078700000000000000003740018E7B3BBE7BB9FE9BB98E8AEA4EFBC88E5A49AE58F82EFBC8974000133740001317800);

-- ----------------------------
-- Table structure for qrtz_locks
-- ----------------------------
DROP TABLE IF EXISTS `qrtz_locks`;
CREATE TABLE `qrtz_locks`  (
  `sched_name` varchar(120) CHARACTER SET utf8 COLLATE utf8_bin NOT NULL COMMENT '调度名称',
  `lock_name` varchar(40) CHARACTER SET utf8 COLLATE utf8_bin NOT NULL COMMENT '悲观锁名称',
  PRIMARY KEY (`sched_name`, `lock_name`) USING BTREE
) ENGINE = InnoDB CHARACTER SET = utf8 COLLATE = utf8_bin COMMENT = '存储的悲观锁信息表' ROW_FORMAT = Dynamic;

-- ----------------------------
-- Records of qrtz_locks
-- ----------------------------
INSERT INTO `qrtz_locks` VALUES ('RuoyiScheduler', 'STATE_ACCESS');
INSERT INTO `qrtz_locks` VALUES ('RuoyiScheduler', 'TRIGGER_ACCESS');

-- ----------------------------
-- Table structure for qrtz_paused_trigger_grps
-- ----------------------------
DROP TABLE IF EXISTS `qrtz_paused_trigger_grps`;
CREATE TABLE `qrtz_paused_trigger_grps`  (
  `sched_name` varchar(120) CHARACTER SET utf8 COLLATE utf8_bin NOT NULL COMMENT '调度名称',
  `trigger_group` varchar(200) CHARACTER SET utf8 COLLATE utf8_bin NOT NULL COMMENT 'qrtz_triggers表trigger_group的外键',
  PRIMARY KEY (`sched_name`, `trigger_group`) USING BTREE
) ENGINE = InnoDB CHARACTER SET = utf8 COLLATE = utf8_bin COMMENT = '暂停的触发器表' ROW_FORMAT = Dynamic;

-- ----------------------------
-- Records of qrtz_paused_trigger_grps
-- ----------------------------

-- ----------------------------
-- Table structure for qrtz_scheduler_state
-- ----------------------------
DROP TABLE IF EXISTS `qrtz_scheduler_state`;
CREATE TABLE `qrtz_scheduler_state`  (
  `sched_name` varchar(120) CHARACTER SET utf8 COLLATE utf8_bin NOT NULL COMMENT '调度名称',
  `instance_name` varchar(200) CHARACTER SET utf8 COLLATE utf8_bin NOT NULL COMMENT '实例名称',
  `last_checkin_time` bigint(0) NOT NULL COMMENT '上次检查时间',
  `checkin_interval` bigint(0) NOT NULL COMMENT '检查间隔时间',
  PRIMARY KEY (`sched_name`, `instance_name`) USING BTREE
) ENGINE = InnoDB CHARACTER SET = utf8 COLLATE = utf8_bin COMMENT = '调度器状态表' ROW_FORMAT = Dynamic;

-- ----------------------------
-- Records of qrtz_scheduler_state
-- ----------------------------
INSERT INTO `qrtz_scheduler_state` VALUES ('RuoyiScheduler', 'DESKTOP-1F5TD271635816753394', 1635816862323, 15000);

-- ----------------------------
-- Table structure for qrtz_simple_triggers
-- ----------------------------
DROP TABLE IF EXISTS `qrtz_simple_triggers`;
CREATE TABLE `qrtz_simple_triggers`  (
  `sched_name` varchar(120) CHARACTER SET utf8 COLLATE utf8_bin NOT NULL COMMENT '调度名称',
  `trigger_name` varchar(200) CHARACTER SET utf8 COLLATE utf8_bin NOT NULL COMMENT 'qrtz_triggers表trigger_name的外键',
  `trigger_group` varchar(200) CHARACTER SET utf8 COLLATE utf8_bin NOT NULL COMMENT 'qrtz_triggers表trigger_group的外键',
  `repeat_count` bigint(0) NOT NULL COMMENT '重复的次数统计',
  `repeat_interval` bigint(0) NOT NULL COMMENT '重复的间隔时间',
  `times_triggered` bigint(0) NOT NULL COMMENT '已经触发的次数',
  PRIMARY KEY (`sched_name`, `trigger_name`, `trigger_group`) USING BTREE,
  CONSTRAINT `qrtz_simple_triggers_ibfk_1` FOREIGN KEY (`sched_name`, `trigger_name`, `trigger_group`) REFERENCES `qrtz_triggers` (`sched_name`, `trigger_name`, `trigger_group`) ON DELETE RESTRICT ON UPDATE RESTRICT
) ENGINE = InnoDB CHARACTER SET = utf8 COLLATE = utf8_bin COMMENT = '简单触发器的信息表' ROW_FORMAT = Dynamic;

-- ----------------------------
-- Records of qrtz_simple_triggers
-- ----------------------------

-- ----------------------------
-- Table structure for qrtz_simprop_triggers
-- ----------------------------
DROP TABLE IF EXISTS `qrtz_simprop_triggers`;
CREATE TABLE `qrtz_simprop_triggers`  (
  `sched_name` varchar(120) CHARACTER SET utf8 COLLATE utf8_bin NOT NULL COMMENT '调度名称',
  `trigger_name` varchar(200) CHARACTER SET utf8 COLLATE utf8_bin NOT NULL COMMENT 'qrtz_triggers表trigger_name的外键',
  `trigger_group` varchar(200) CHARACTER SET utf8 COLLATE utf8_bin NOT NULL COMMENT 'qrtz_triggers表trigger_group的外键',
  `str_prop_1` varchar(512) CHARACTER SET utf8 COLLATE utf8_bin NULL DEFAULT NULL COMMENT 'String类型的trigger的第一个参数',
  `str_prop_2` varchar(512) CHARACTER SET utf8 COLLATE utf8_bin NULL DEFAULT NULL COMMENT 'String类型的trigger的第二个参数',
  `str_prop_3` varchar(512) CHARACTER SET utf8 COLLATE utf8_bin NULL DEFAULT NULL COMMENT 'String类型的trigger的第三个参数',
  `int_prop_1` int(0) NULL DEFAULT NULL COMMENT 'int类型的trigger的第一个参数',
  `int_prop_2` int(0) NULL DEFAULT NULL COMMENT 'int类型的trigger的第二个参数',
  `long_prop_1` bigint(0) NULL DEFAULT NULL COMMENT 'long类型的trigger的第一个参数',
  `long_prop_2` bigint(0) NULL DEFAULT NULL COMMENT 'long类型的trigger的第二个参数',
  `dec_prop_1` decimal(13, 4) NULL DEFAULT NULL COMMENT 'decimal类型的trigger的第一个参数',
  `dec_prop_2` decimal(13, 4) NULL DEFAULT NULL COMMENT 'decimal类型的trigger的第二个参数',
  `bool_prop_1` varchar(1) CHARACTER SET utf8 COLLATE utf8_bin NULL DEFAULT NULL COMMENT 'Boolean类型的trigger的第一个参数',
  `bool_prop_2` varchar(1) CHARACTER SET utf8 COLLATE utf8_bin NULL DEFAULT NULL COMMENT 'Boolean类型的trigger的第二个参数',
  PRIMARY KEY (`sched_name`, `trigger_name`, `trigger_group`) USING BTREE,
  CONSTRAINT `qrtz_simprop_triggers_ibfk_1` FOREIGN KEY (`sched_name`, `trigger_name`, `trigger_group`) REFERENCES `qrtz_triggers` (`sched_name`, `trigger_name`, `trigger_group`) ON DELETE RESTRICT ON UPDATE RESTRICT
) ENGINE = InnoDB CHARACTER SET = utf8 COLLATE = utf8_bin COMMENT = '同步机制的行锁表' ROW_FORMAT = Dynamic;

-- ----------------------------
-- Records of qrtz_simprop_triggers
-- ----------------------------

-- ----------------------------
-- Table structure for qrtz_triggers
-- ----------------------------
DROP TABLE IF EXISTS `qrtz_triggers`;
CREATE TABLE `qrtz_triggers`  (
  `sched_name` varchar(120) CHARACTER SET utf8 COLLATE utf8_bin NOT NULL COMMENT '调度名称',
  `trigger_name` varchar(200) CHARACTER SET utf8 COLLATE utf8_bin NOT NULL COMMENT '触发器的名字',
  `trigger_group` varchar(200) CHARACTER SET utf8 COLLATE utf8_bin NOT NULL COMMENT '触发器所属组的名字',
  `job_name` varchar(200) CHARACTER SET utf8 COLLATE utf8_bin NOT NULL COMMENT 'qrtz_job_details表job_name的外键',
  `job_group` varchar(200) CHARACTER SET utf8 COLLATE utf8_bin NOT NULL COMMENT 'qrtz_job_details表job_group的外键',
  `description` varchar(250) CHARACTER SET utf8 COLLATE utf8_bin NULL DEFAULT NULL COMMENT '相关介绍',
  `next_fire_time` bigint(0) NULL DEFAULT NULL COMMENT '上一次触发时间（毫秒）',
  `prev_fire_time` bigint(0) NULL DEFAULT NULL COMMENT '下一次触发时间（默认为-1表示不触发）',
  `priority` int(0) NULL DEFAULT NULL COMMENT '优先级',
  `trigger_state` varchar(16) CHARACTER SET utf8 COLLATE utf8_bin NOT NULL COMMENT '触发器状态',
  `trigger_type` varchar(8) CHARACTER SET utf8 COLLATE utf8_bin NOT NULL COMMENT '触发器的类型',
  `start_time` bigint(0) NOT NULL COMMENT '开始时间',
  `end_time` bigint(0) NULL DEFAULT NULL COMMENT '结束时间',
  `calendar_name` varchar(200) CHARACTER SET utf8 COLLATE utf8_bin NULL DEFAULT NULL COMMENT '日程表名称',
  `misfire_instr` smallint(0) NULL DEFAULT NULL COMMENT '补偿执行的策略',
  `job_data` blob NULL COMMENT '存放持久化job对象',
  PRIMARY KEY (`sched_name`, `trigger_name`, `trigger_group`) USING BTREE,
  INDEX `sched_name`(`sched_name`, `job_name`, `job_group`) USING BTREE,
  CONSTRAINT `qrtz_triggers_ibfk_1` FOREIGN KEY (`sched_name`, `job_name`, `job_group`) REFERENCES `qrtz_job_details` (`sched_name`, `job_name`, `job_group`) ON DELETE RESTRICT ON UPDATE RESTRICT
) ENGINE = InnoDB CHARACTER SET = utf8 COLLATE = utf8_bin COMMENT = '触发器详细信息表' ROW_FORMAT = Dynamic;

-- ----------------------------
-- Records of qrtz_triggers
-- ----------------------------
INSERT INTO `qrtz_triggers` VALUES ('RuoyiScheduler', 'TASK_CLASS_NAME1', 'DEFAULT', 'TASK_CLASS_NAME1', 'DEFAULT', NULL, 1635816760000, -1, 5, 'PAUSED', 'CRON', 1635816753000, 0, NULL, 2, '');
INSERT INTO `qrtz_triggers` VALUES ('RuoyiScheduler', 'TASK_CLASS_NAME2', 'DEFAULT', 'TASK_CLASS_NAME2', 'DEFAULT', NULL, 1635816765000, -1, 5, 'PAUSED', 'CRON', 1635816753000, 0, NULL, 2, '');
INSERT INTO `qrtz_triggers` VALUES ('RuoyiScheduler', 'TASK_CLASS_NAME3', 'DEFAULT', 'TASK_CLASS_NAME3', 'DEFAULT', NULL, 1635816760000, -1, 5, 'PAUSED', 'CRON', 1635816753000, 0, NULL, 2, '');

-- ----------------------------
-- Table structure for sys_config
-- ----------------------------
DROP TABLE IF EXISTS `sys_config`;
CREATE TABLE `sys_config`  (
  `config_id` int(0) NOT NULL AUTO_INCREMENT COMMENT '参数主键',
  `config_name` varchar(100) CHARACTER SET utf8 COLLATE utf8_bin NULL DEFAULT '' COMMENT '参数名称',
  `config_key` varchar(100) CHARACTER SET utf8 COLLATE utf8_bin NULL DEFAULT '' COMMENT '参数键名',
  `config_value` varchar(500) CHARACTER SET utf8 COLLATE utf8_bin NULL DEFAULT '' COMMENT '参数键值',
  `config_type` char(1) CHARACTER SET utf8 COLLATE utf8_bin NULL DEFAULT 'N' COMMENT '系统内置（Y是 N否）',
  `create_by` varchar(64) CHARACTER SET utf8 COLLATE utf8_bin NULL DEFAULT '' COMMENT '创建者',
  `create_time` datetime(0) NULL DEFAULT NULL COMMENT '创建时间',
  `update_by` varchar(64) CHARACTER SET utf8 COLLATE utf8_bin NULL DEFAULT '' COMMENT '更新者',
  `update_time` datetime(0) NULL DEFAULT NULL COMMENT '更新时间',
  `remark` varchar(500) CHARACTER SET utf8 COLLATE utf8_bin NULL DEFAULT NULL COMMENT '备注',
  PRIMARY KEY (`config_id`) USING BTREE
) ENGINE = InnoDB AUTO_INCREMENT = 100 CHARACTER SET = utf8 COLLATE = utf8_bin COMMENT = '参数配置表' ROW_FORMAT = Dynamic;

-- ----------------------------
-- Records of sys_config
-- ----------------------------
INSERT INTO `sys_config` VALUES (1, '主框架页-默认皮肤样式名称', 'sys.index.skinName', 'skin-blue', 'Y', 'admin', '2021-10-28 11:41:06', '', NULL, '蓝色 skin-blue、绿色 skin-green、紫色 skin-purple、红色 skin-red、黄色 skin-yellow');
INSERT INTO `sys_config` VALUES (2, '用户管理-账号初始密码', 'sys.user.initPassword', '123456', 'Y', 'admin', '2021-10-28 11:41:06', '', NULL, '初始化密码 123456');
INSERT INTO `sys_config` VALUES (3, '主框架页-侧边栏主题', 'sys.index.sideTheme', 'theme-dark', 'Y', 'admin', '2021-10-28 11:41:06', '', NULL, '深黑主题theme-dark，浅色主题theme-light，深蓝主题theme-blue');
INSERT INTO `sys_config` VALUES (4, '账号自助-是否开启用户注册功能', 'sys.account.registerUser', 'false', 'Y', 'admin', '2021-10-28 11:41:06', '', NULL, '是否开启注册用户功能（true开启，false关闭）');
INSERT INTO `sys_config` VALUES (5, '用户管理-密码字符范围', 'sys.account.chrtype', '0', 'Y', 'admin', '2021-10-28 11:41:06', '', NULL, '默认任意字符范围，0任意（密码可以输入任意字符），1数字（密码只能为0-9数字），2英文字母（密码只能为a-z和A-Z字母），3字母和数字（密码必须包含字母，数字）,4字母数字和特殊字符（目前支持的特殊字符包括：~!@#$%^&*()-=_+）');
INSERT INTO `sys_config` VALUES (6, '用户管理-初始密码修改策略', 'sys.account.initPasswordModify', '0', 'Y', 'admin', '2021-10-28 11:41:06', '', NULL, '0：初始密码修改策略关闭，没有任何提示，1：提醒用户，如果未修改初始密码，则在登录时就会提醒修改密码对话框');
INSERT INTO `sys_config` VALUES (7, '用户管理-账号密码更新周期', 'sys.account.passwordValidateDays', '0', 'Y', 'admin', '2021-10-28 11:41:06', '', NULL, '密码更新周期（填写数字，数据初始化值为0不限制，若修改必须为大于0小于365的正整数），如果超过这个周期登录系统时，则在登录时就会提醒修改密码对话框');
INSERT INTO `sys_config` VALUES (8, '主框架页-菜单导航显示风格', 'sys.index.menuStyle', 'default', 'Y', 'admin', '2021-10-28 11:41:06', '', NULL, '菜单导航显示风格（default为左侧导航菜单，topnav为顶部导航菜单）');
INSERT INTO `sys_config` VALUES (9, '主框架页-是否开启页脚', 'sys.index.footer', 'true', 'Y', 'admin', '2021-10-28 11:41:06', '', NULL, '是否开启底部页脚显示（true显示，false隐藏）');
INSERT INTO `sys_config` VALUES (10, '主框架页-是否开启页签', 'sys.index.tagsView', 'true', 'Y', 'admin', '2021-10-28 11:41:06', '', NULL, '是否开启菜单多页签显示（true显示，false隐藏）');

-- ----------------------------
-- Table structure for sys_dept
-- ----------------------------
DROP TABLE IF EXISTS `sys_dept`;
CREATE TABLE `sys_dept`  (
  `dept_id` bigint(0) NOT NULL AUTO_INCREMENT COMMENT '部门id',
  `parent_id` bigint(0) NULL DEFAULT 0 COMMENT '父部门id',
  `ancestors` varchar(50) CHARACTER SET utf8 COLLATE utf8_bin NULL DEFAULT '' COMMENT '祖级列表',
  `dept_name` varchar(30) CHARACTER SET utf8 COLLATE utf8_bin NULL DEFAULT '' COMMENT '部门名称',
  `order_num` int(0) NULL DEFAULT 0 COMMENT '显示顺序',
  `leader` varchar(20) CHARACTER SET utf8 COLLATE utf8_bin NULL DEFAULT NULL COMMENT '负责人',
  `phone` varchar(11) CHARACTER SET utf8 COLLATE utf8_bin NULL DEFAULT NULL COMMENT '联系电话',
  `email` varchar(50) CHARACTER SET utf8 COLLATE utf8_bin NULL DEFAULT NULL COMMENT '邮箱',
  `status` char(1) CHARACTER SET utf8 COLLATE utf8_bin NULL DEFAULT '0' COMMENT '部门状态（0正常 1停用）',
  `del_flag` char(1) CHARACTER SET utf8 COLLATE utf8_bin NULL DEFAULT '0' COMMENT '删除标志（0代表存在 2代表删除）',
  `create_by` varchar(64) CHARACTER SET utf8 COLLATE utf8_bin NULL DEFAULT '' COMMENT '创建者',
  `create_time` datetime(0) NULL DEFAULT NULL COMMENT '创建时间',
  `update_by` varchar(64) CHARACTER SET utf8 COLLATE utf8_bin NULL DEFAULT '' COMMENT '更新者',
  `update_time` datetime(0) NULL DEFAULT NULL COMMENT '更新时间',
  PRIMARY KEY (`dept_id`) USING BTREE
) ENGINE = InnoDB AUTO_INCREMENT = 109 CHARACTER SET = utf8 COLLATE = utf8_bin COMMENT = '部门表' ROW_FORMAT = Dynamic;

-- ----------------------------
-- Records of sys_dept
-- ----------------------------
INSERT INTO `sys_dept` VALUES (100, 0, '0', '若依科技', 0, '若依', '15888888888', 'ry@qq.com', '0', '0', 'admin', '2021-10-28 11:41:05', '', NULL);
INSERT INTO `sys_dept` VALUES (101, 100, '0,100', '深圳总公司', 1, '若依', '15888888888', 'ry@qq.com', '0', '0', 'admin', '2021-10-28 11:41:05', '', NULL);
INSERT INTO `sys_dept` VALUES (102, 100, '0,100', '长沙分公司', 2, '若依', '15888888888', 'ry@qq.com', '0', '0', 'admin', '2021-10-28 11:41:05', '', NULL);
INSERT INTO `sys_dept` VALUES (103, 101, '0,100,101', '研发部门', 1, '若依', '15888888888', 'ry@qq.com', '0', '0', 'admin', '2021-10-28 11:41:05', '', NULL);
INSERT INTO `sys_dept` VALUES (104, 101, '0,100,101', '市场部门', 2, '若依', '15888888888', 'ry@qq.com', '0', '0', 'admin', '2021-10-28 11:41:05', '', NULL);
INSERT INTO `sys_dept` VALUES (105, 101, '0,100,101', '测试部门', 3, '若依', '15888888888', 'ry@qq.com', '0', '0', 'admin', '2021-10-28 11:41:05', '', NULL);
INSERT INTO `sys_dept` VALUES (106, 101, '0,100,101', '财务部门', 4, '若依', '15888888888', 'ry@qq.com', '0', '0', 'admin', '2021-10-28 11:41:05', '', NULL);
INSERT INTO `sys_dept` VALUES (107, 101, '0,100,101', '运维部门', 5, '若依', '15888888888', 'ry@qq.com', '0', '0', 'admin', '2021-10-28 11:41:05', '', NULL);
INSERT INTO `sys_dept` VALUES (108, 102, '0,100,102', '市场部门', 1, '若依', '15888888888', 'ry@qq.com', '0', '0', 'admin', '2021-10-28 11:41:05', '', NULL);
INSERT INTO `sys_dept` VALUES (109, 102, '0,100,102', '财务部门', 2, '若依', '15888888888', 'ry@qq.com', '0', '0', 'admin', '2021-10-28 11:41:05', '', NULL);

-- ----------------------------
-- Table structure for sys_dict_data
-- ----------------------------
DROP TABLE IF EXISTS `sys_dict_data`;
CREATE TABLE `sys_dict_data`  (
  `dict_code` bigint(0) NOT NULL AUTO_INCREMENT COMMENT '字典编码',
  `dict_sort` int(0) NULL DEFAULT 0 COMMENT '字典排序',
  `dict_label` varchar(100) CHARACTER SET utf8 COLLATE utf8_bin NULL DEFAULT '' COMMENT '字典标签',
  `dict_value` varchar(100) CHARACTER SET utf8 COLLATE utf8_bin NULL DEFAULT '' COMMENT '字典键值',
  `dict_type` varchar(100) CHARACTER SET utf8 COLLATE utf8_bin NULL DEFAULT '' COMMENT '字典类型',
  `css_class` varchar(100) CHARACTER SET utf8 COLLATE utf8_bin NULL DEFAULT NULL COMMENT '样式属性（其他样式扩展）',
  `list_class` varchar(100) CHARACTER SET utf8 COLLATE utf8_bin NULL DEFAULT NULL COMMENT '表格回显样式',
  `is_default` char(1) CHARACTER SET utf8 COLLATE utf8_bin NULL DEFAULT 'N' COMMENT '是否默认（Y是 N否）',
  `status` char(1) CHARACTER SET utf8 COLLATE utf8_bin NULL DEFAULT '0' COMMENT '状态（0正常 1停用）',
  `create_by` varchar(64) CHARACTER SET utf8 COLLATE utf8_bin NULL DEFAULT '' COMMENT '创建者',
  `create_time` datetime(0) NULL DEFAULT NULL COMMENT '创建时间',
  `update_by` varchar(64) CHARACTER SET utf8 COLLATE utf8_bin NULL DEFAULT '' COMMENT '更新者',
  `update_time` datetime(0) NULL DEFAULT NULL COMMENT '更新时间',
  `remark` varchar(500) CHARACTER SET utf8 COLLATE utf8_bin NULL DEFAULT NULL COMMENT '备注',
  PRIMARY KEY (`dict_code`) USING BTREE
) ENGINE = InnoDB AUTO_INCREMENT = 102 CHARACTER SET = utf8 COLLATE = utf8_bin COMMENT = '字典数据表' ROW_FORMAT = Dynamic;

-- ----------------------------
-- Records of sys_dict_data
-- ----------------------------
INSERT INTO `sys_dict_data` VALUES (1, 1, '男', '0', 'sys_user_sex', '', '', 'Y', '0', 'admin', '2021-10-28 11:41:06', '', NULL, '性别男');
INSERT INTO `sys_dict_data` VALUES (2, 2, '女', '1', 'sys_user_sex', '', '', 'N', '0', 'admin', '2021-10-28 11:41:06', '', NULL, '性别女');
INSERT INTO `sys_dict_data` VALUES (3, 3, '未知', '2', 'sys_user_sex', '', '', 'N', '0', 'admin', '2021-10-28 11:41:06', '', NULL, '性别未知');
INSERT INTO `sys_dict_data` VALUES (4, 1, '显示', '0', 'sys_show_hide', '', 'primary', 'Y', '0', 'admin', '2021-10-28 11:41:06', '', NULL, '显示菜单');
INSERT INTO `sys_dict_data` VALUES (5, 2, '隐藏', '1', 'sys_show_hide', '', 'danger', 'N', '0', 'admin', '2021-10-28 11:41:06', '', NULL, '隐藏菜单');
INSERT INTO `sys_dict_data` VALUES (6, 1, '正常', '0', 'sys_normal_disable', '', 'primary', 'Y', '0', 'admin', '2021-10-28 11:41:06', '', NULL, '正常状态');
INSERT INTO `sys_dict_data` VALUES (7, 2, '停用', '1', 'sys_normal_disable', '', 'danger', 'N', '0', 'admin', '2021-10-28 11:41:06', '', NULL, '停用状态');
INSERT INTO `sys_dict_data` VALUES (8, 1, '正常', '0', 'sys_job_status', '', 'primary', 'Y', '0', 'admin', '2021-10-28 11:41:06', '', NULL, '正常状态');
INSERT INTO `sys_dict_data` VALUES (9, 2, '暂停', '1', 'sys_job_status', '', 'danger', 'N', '0', 'admin', '2021-10-28 11:41:06', '', NULL, '停用状态');
INSERT INTO `sys_dict_data` VALUES (10, 1, '默认', 'DEFAULT', 'sys_job_group', '', '', 'Y', '0', 'admin', '2021-10-28 11:41:06', '', NULL, '默认分组');
INSERT INTO `sys_dict_data` VALUES (11, 2, '系统', 'SYSTEM', 'sys_job_group', '', '', 'N', '0', 'admin', '2021-10-28 11:41:06', '', NULL, '系统分组');
INSERT INTO `sys_dict_data` VALUES (12, 1, '是', 'Y', 'sys_yes_no', '', 'primary', 'Y', '0', 'admin', '2021-10-28 11:41:06', '', NULL, '系统默认是');
INSERT INTO `sys_dict_data` VALUES (13, 2, '否', 'N', 'sys_yes_no', '', 'danger', 'N', '0', 'admin', '2021-10-28 11:41:06', '', NULL, '系统默认否');
INSERT INTO `sys_dict_data` VALUES (14, 1, '通知', '1', 'sys_notice_type', '', 'warning', 'Y', '0', 'admin', '2021-10-28 11:41:06', '', NULL, '通知');
INSERT INTO `sys_dict_data` VALUES (15, 2, '公告', '2', 'sys_notice_type', '', 'success', 'N', '0', 'admin', '2021-10-28 11:41:06', '', NULL, '公告');
INSERT INTO `sys_dict_data` VALUES (16, 1, '正常', '0', 'sys_notice_status', '', 'primary', 'Y', '0', 'admin', '2021-10-28 11:41:06', '', NULL, '正常状态');
INSERT INTO `sys_dict_data` VALUES (17, 2, '关闭', '1', 'sys_notice_status', '', 'danger', 'N', '0', 'admin', '2021-10-28 11:41:06', '', NULL, '关闭状态');
INSERT INTO `sys_dict_data` VALUES (18, 99, '其他', '0', 'sys_oper_type', '', 'info', 'N', '0', 'admin', '2021-10-28 11:41:06', '', NULL, '其他操作');
INSERT INTO `sys_dict_data` VALUES (19, 1, '新增', '1', 'sys_oper_type', '', 'info', 'N', '0', 'admin', '2021-10-28 11:41:06', '', NULL, '新增操作');
INSERT INTO `sys_dict_data` VALUES (20, 2, '修改', '2', 'sys_oper_type', '', 'info', 'N', '0', 'admin', '2021-10-28 11:41:06', '', NULL, '修改操作');
INSERT INTO `sys_dict_data` VALUES (21, 3, '删除', '3', 'sys_oper_type', '', 'danger', 'N', '0', 'admin', '2021-10-28 11:41:06', '', NULL, '删除操作');
INSERT INTO `sys_dict_data` VALUES (22, 4, '授权', '4', 'sys_oper_type', '', 'primary', 'N', '0', 'admin', '2021-10-28 11:41:06', '', NULL, '授权操作');
INSERT INTO `sys_dict_data` VALUES (23, 5, '导出', '5', 'sys_oper_type', '', 'warning', 'N', '0', 'admin', '2021-10-28 11:41:06', '', NULL, '导出操作');
INSERT INTO `sys_dict_data` VALUES (24, 6, '导入', '6', 'sys_oper_type', '', 'warning', 'N', '0', 'admin', '2021-10-28 11:41:06', '', NULL, '导入操作');
INSERT INTO `sys_dict_data` VALUES (25, 7, '强退', '7', 'sys_oper_type', '', 'danger', 'N', '0', 'admin', '2021-10-28 11:41:06', '', NULL, '强退操作');
INSERT INTO `sys_dict_data` VALUES (26, 8, '生成代码', '8', 'sys_oper_type', '', 'warning', 'N', '0', 'admin', '2021-10-28 11:41:06', '', NULL, '生成操作');
INSERT INTO `sys_dict_data` VALUES (27, 9, '清空数据', '9', 'sys_oper_type', '', 'danger', 'N', '0', 'admin', '2021-10-28 11:41:06', '', NULL, '清空操作');
INSERT INTO `sys_dict_data` VALUES (28, 1, '成功', '0', 'sys_common_status', '', 'primary', 'N', '0', 'admin', '2021-10-28 11:41:06', '', NULL, '正常状态');
INSERT INTO `sys_dict_data` VALUES (29, 2, '失败', '1', 'sys_common_status', '', 'danger', 'N', '0', 'admin', '2021-10-28 11:41:06', '', NULL, '停用状态');
INSERT INTO `sys_dict_data` VALUES (100, 1, '正常', '1', 'tg_if_ban', '', 'primary', 'Y', '0', 'admin', '2021-10-28 14:04:53', 'admin', '2021-11-01 16:45:28', '');
INSERT INTO `sys_dict_data` VALUES (101, 2, '停用', '2', 'tg_if_ban', '', 'danger', 'Y', '0', 'admin', '2021-10-28 14:05:10', 'admin', '2021-10-28 14:05:37', '');
INSERT INTO `sys_dict_data` VALUES (102, 0, '验证中', '0', 'tg_if_ban', '', 'info', 'Y', '0', 'admin', '2021-11-01 16:44:56', 'admin', '2021-11-01 16:45:32', '');

-- ----------------------------
-- Table structure for sys_dict_type
-- ----------------------------
DROP TABLE IF EXISTS `sys_dict_type`;
CREATE TABLE `sys_dict_type`  (
  `dict_id` bigint(0) NOT NULL AUTO_INCREMENT COMMENT '字典主键',
  `dict_name` varchar(100) CHARACTER SET utf8 COLLATE utf8_bin NULL DEFAULT '' COMMENT '字典名称',
  `dict_type` varchar(100) CHARACTER SET utf8 COLLATE utf8_bin NULL DEFAULT '' COMMENT '字典类型',
  `status` char(1) CHARACTER SET utf8 COLLATE utf8_bin NULL DEFAULT '0' COMMENT '状态（0正常 1停用）',
  `create_by` varchar(64) CHARACTER SET utf8 COLLATE utf8_bin NULL DEFAULT '' COMMENT '创建者',
  `create_time` datetime(0) NULL DEFAULT NULL COMMENT '创建时间',
  `update_by` varchar(64) CHARACTER SET utf8 COLLATE utf8_bin NULL DEFAULT '' COMMENT '更新者',
  `update_time` datetime(0) NULL DEFAULT NULL COMMENT '更新时间',
  `remark` varchar(500) CHARACTER SET utf8 COLLATE utf8_bin NULL DEFAULT NULL COMMENT '备注',
  PRIMARY KEY (`dict_id`) USING BTREE,
  UNIQUE INDEX `dict_type`(`dict_type`) USING BTREE
) ENGINE = InnoDB AUTO_INCREMENT = 101 CHARACTER SET = utf8 COLLATE = utf8_bin COMMENT = '字典类型表' ROW_FORMAT = Dynamic;

-- ----------------------------
-- Records of sys_dict_type
-- ----------------------------
INSERT INTO `sys_dict_type` VALUES (1, '用户性别', 'sys_user_sex', '0', 'admin', '2021-10-28 11:41:06', '', NULL, '用户性别列表');
INSERT INTO `sys_dict_type` VALUES (2, '菜单状态', 'sys_show_hide', '0', 'admin', '2021-10-28 11:41:06', '', NULL, '菜单状态列表');
INSERT INTO `sys_dict_type` VALUES (3, '系统开关', 'sys_normal_disable', '0', 'admin', '2021-10-28 11:41:06', '', NULL, '系统开关列表');
INSERT INTO `sys_dict_type` VALUES (4, '任务状态', 'sys_job_status', '0', 'admin', '2021-10-28 11:41:06', '', NULL, '任务状态列表');
INSERT INTO `sys_dict_type` VALUES (5, '任务分组', 'sys_job_group', '0', 'admin', '2021-10-28 11:41:06', '', NULL, '任务分组列表');
INSERT INTO `sys_dict_type` VALUES (6, '系统是否', 'sys_yes_no', '0', 'admin', '2021-10-28 11:41:06', '', NULL, '系统是否列表');
INSERT INTO `sys_dict_type` VALUES (7, '通知类型', 'sys_notice_type', '0', 'admin', '2021-10-28 11:41:06', '', NULL, '通知类型列表');
INSERT INTO `sys_dict_type` VALUES (8, '通知状态', 'sys_notice_status', '0', 'admin', '2021-10-28 11:41:06', '', NULL, '通知状态列表');
INSERT INTO `sys_dict_type` VALUES (9, '操作类型', 'sys_oper_type', '0', 'admin', '2021-10-28 11:41:06', '', NULL, '操作类型列表');
INSERT INTO `sys_dict_type` VALUES (10, '系统状态', 'sys_common_status', '0', 'admin', '2021-10-28 11:41:06', '', NULL, '登录状态列表');
INSERT INTO `sys_dict_type` VALUES (100, 'tg用户是否封禁', 'tg_if_ban', '0', 'admin', '2021-10-28 14:03:52', 'admin', '2021-10-28 14:04:11', '');

-- ----------------------------
-- Table structure for sys_job
-- ----------------------------
DROP TABLE IF EXISTS `sys_job`;
CREATE TABLE `sys_job`  (
  `job_id` bigint(0) NOT NULL AUTO_INCREMENT COMMENT '任务ID',
  `job_name` varchar(64) CHARACTER SET utf8 COLLATE utf8_bin NOT NULL DEFAULT '' COMMENT '任务名称',
  `job_group` varchar(64) CHARACTER SET utf8 COLLATE utf8_bin NOT NULL DEFAULT 'DEFAULT' COMMENT '任务组名',
  `invoke_target` varchar(500) CHARACTER SET utf8 COLLATE utf8_bin NOT NULL COMMENT '调用目标字符串',
  `cron_expression` varchar(255) CHARACTER SET utf8 COLLATE utf8_bin NULL DEFAULT '' COMMENT 'cron执行表达式',
  `misfire_policy` varchar(20) CHARACTER SET utf8 COLLATE utf8_bin NULL DEFAULT '3' COMMENT '计划执行错误策略（1立即执行 2执行一次 3放弃执行）',
  `concurrent` char(1) CHARACTER SET utf8 COLLATE utf8_bin NULL DEFAULT '1' COMMENT '是否并发执行（0允许 1禁止）',
  `status` char(1) CHARACTER SET utf8 COLLATE utf8_bin NULL DEFAULT '0' COMMENT '状态（0正常 1暂停）',
  `create_by` varchar(64) CHARACTER SET utf8 COLLATE utf8_bin NULL DEFAULT '' COMMENT '创建者',
  `create_time` datetime(0) NULL DEFAULT NULL COMMENT '创建时间',
  `update_by` varchar(64) CHARACTER SET utf8 COLLATE utf8_bin NULL DEFAULT '' COMMENT '更新者',
  `update_time` datetime(0) NULL DEFAULT NULL COMMENT '更新时间',
  `remark` varchar(500) CHARACTER SET utf8 COLLATE utf8_bin NULL DEFAULT '' COMMENT '备注信息',
  PRIMARY KEY (`job_id`, `job_name`, `job_group`) USING BTREE
) ENGINE = InnoDB AUTO_INCREMENT = 100 CHARACTER SET = utf8 COLLATE = utf8_bin COMMENT = '定时任务调度表' ROW_FORMAT = Dynamic;

-- ----------------------------
-- Records of sys_job
-- ----------------------------
INSERT INTO `sys_job` VALUES (1, '系统默认（无参）', 'DEFAULT', 'ryTask.ryNoParams', '0/10 * * * * ?', '3', '1', '1', 'admin', '2021-10-28 11:41:06', '', NULL, '');
INSERT INTO `sys_job` VALUES (2, '系统默认（有参）', 'DEFAULT', 'ryTask.ryParams(\'ry\')', '0/15 * * * * ?', '3', '1', '1', 'admin', '2021-10-28 11:41:06', '', NULL, '');
INSERT INTO `sys_job` VALUES (3, '系统默认（多参）', 'DEFAULT', 'ryTask.ryMultipleParams(\'ry\', true, 2000L, 316.50D, 100)', '0/20 * * * * ?', '3', '1', '1', 'admin', '2021-10-28 11:41:06', '', NULL, '');

-- ----------------------------
-- Table structure for sys_job_log
-- ----------------------------
DROP TABLE IF EXISTS `sys_job_log`;
CREATE TABLE `sys_job_log`  (
  `job_log_id` bigint(0) NOT NULL AUTO_INCREMENT COMMENT '任务日志ID',
  `job_name` varchar(64) CHARACTER SET utf8 COLLATE utf8_bin NOT NULL COMMENT '任务名称',
  `job_group` varchar(64) CHARACTER SET utf8 COLLATE utf8_bin NOT NULL COMMENT '任务组名',
  `invoke_target` varchar(500) CHARACTER SET utf8 COLLATE utf8_bin NOT NULL COMMENT '调用目标字符串',
  `job_message` varchar(500) CHARACTER SET utf8 COLLATE utf8_bin NULL DEFAULT NULL COMMENT '日志信息',
  `status` char(1) CHARACTER SET utf8 COLLATE utf8_bin NULL DEFAULT '0' COMMENT '执行状态（0正常 1失败）',
  `exception_info` varchar(2000) CHARACTER SET utf8 COLLATE utf8_bin NULL DEFAULT '' COMMENT '异常信息',
  `create_time` datetime(0) NULL DEFAULT NULL COMMENT '创建时间',
  PRIMARY KEY (`job_log_id`) USING BTREE
) ENGINE = InnoDB CHARACTER SET = utf8 COLLATE = utf8_bin COMMENT = '定时任务调度日志表' ROW_FORMAT = Dynamic;

-- ----------------------------
-- Records of sys_job_log
-- ----------------------------

-- ----------------------------
-- Table structure for sys_logininfor
-- ----------------------------
DROP TABLE IF EXISTS `sys_logininfor`;
CREATE TABLE `sys_logininfor`  (
  `info_id` bigint(0) NOT NULL AUTO_INCREMENT COMMENT '访问ID',
  `login_name` varchar(50) CHARACTER SET utf8 COLLATE utf8_bin NULL DEFAULT '' COMMENT '登录账号',
  `ipaddr` varchar(128) CHARACTER SET utf8 COLLATE utf8_bin NULL DEFAULT '' COMMENT '登录IP地址',
  `login_location` varchar(255) CHARACTER SET utf8 COLLATE utf8_bin NULL DEFAULT '' COMMENT '登录地点',
  `browser` varchar(50) CHARACTER SET utf8 COLLATE utf8_bin NULL DEFAULT '' COMMENT '浏览器类型',
  `os` varchar(50) CHARACTER SET utf8 COLLATE utf8_bin NULL DEFAULT '' COMMENT '操作系统',
  `status` char(1) CHARACTER SET utf8 COLLATE utf8_bin NULL DEFAULT '0' COMMENT '登录状态（0成功 1失败）',
  `msg` varchar(255) CHARACTER SET utf8 COLLATE utf8_bin NULL DEFAULT '' COMMENT '提示消息',
  `login_time` datetime(0) NULL DEFAULT NULL COMMENT '访问时间',
  PRIMARY KEY (`info_id`) USING BTREE
) ENGINE = InnoDB AUTO_INCREMENT = 108 CHARACTER SET = utf8 COLLATE = utf8_bin COMMENT = '系统访问记录' ROW_FORMAT = Dynamic;

-- ----------------------------
-- Records of sys_logininfor
-- ----------------------------
INSERT INTO `sys_logininfor` VALUES (100, 'admin', '127.0.0.1', '内网IP', 'Chrome 9', 'Windows 10', '0', '登录成功', '2021-10-28 12:00:35');
INSERT INTO `sys_logininfor` VALUES (101, 'admin', '127.0.0.1', '内网IP', 'Chrome 9', 'Windows 10', '0', '登录成功', '2021-10-28 12:01:58');
INSERT INTO `sys_logininfor` VALUES (102, 'admin', '127.0.0.1', '内网IP', 'Chrome 9', 'Windows 10', '0', '登录成功', '2021-10-28 12:02:48');
INSERT INTO `sys_logininfor` VALUES (103, 'admin', '127.0.0.1', '内网IP', 'Chrome 9', 'Windows 10', '0', '登录成功', '2021-10-28 13:56:48');
INSERT INTO `sys_logininfor` VALUES (104, 'admin', '127.0.0.1', '内网IP', 'Chrome 9', 'Windows 10', '0', '登录成功', '2021-10-28 13:58:22');
INSERT INTO `sys_logininfor` VALUES (105, 'admin', '127.0.0.1', '内网IP', 'Chrome 9', 'Windows 10', '1', '验证码错误', '2021-10-28 14:13:30');
INSERT INTO `sys_logininfor` VALUES (106, 'admin', '127.0.0.1', '内网IP', 'Chrome 9', 'Windows 10', '0', '登录成功', '2021-10-28 14:13:33');
INSERT INTO `sys_logininfor` VALUES (107, 'admin', '127.0.0.1', '内网IP', 'Chrome 9', 'Windows 10', '1', '验证码错误', '2021-10-28 15:31:30');
INSERT INTO `sys_logininfor` VALUES (108, 'admin', '127.0.0.1', '内网IP', 'Chrome 9', 'Windows 10', '0', '登录成功', '2021-10-28 15:31:33');
INSERT INTO `sys_logininfor` VALUES (109, 'admin', '127.0.0.1', '内网IP', 'Chrome 9', 'Windows 10', '0', '登录成功', '2021-11-01 15:38:35');
INSERT INTO `sys_logininfor` VALUES (110, 'admin', '127.0.0.1', '内网IP', 'Chrome 9', 'Windows 10', '0', '登录成功', '2021-11-01 15:43:42');
INSERT INTO `sys_logininfor` VALUES (111, 'admin', '127.0.0.1', '内网IP', 'Chrome 9', 'Windows 10', '0', '退出成功', '2021-11-01 15:53:18');
INSERT INTO `sys_logininfor` VALUES (112, 'admin123', '127.0.0.1', '内网IP', 'Chrome 9', 'Windows 10', '0', '登录成功', '2021-11-01 15:53:23');
INSERT INTO `sys_logininfor` VALUES (113, 'admin123', '127.0.0.1', '内网IP', 'Chrome 9', 'Windows 10', '0', '退出成功', '2021-11-01 15:53:32');
INSERT INTO `sys_logininfor` VALUES (114, 'admin', '127.0.0.1', '内网IP', 'Chrome 9', 'Windows 10', '0', '登录成功', '2021-11-01 15:53:46');
INSERT INTO `sys_logininfor` VALUES (115, 'admin', '127.0.0.1', '内网IP', 'Chrome 9', 'Windows 10', '0', '退出成功', '2021-11-01 15:54:21');
INSERT INTO `sys_logininfor` VALUES (116, 'admin123', '127.0.0.1', '内网IP', 'Chrome 9', 'Windows 10', '0', '登录成功', '2021-11-01 15:54:24');
INSERT INTO `sys_logininfor` VALUES (117, 'admin123', '127.0.0.1', '内网IP', 'Chrome 9', 'Windows 10', '0', '退出成功', '2021-11-01 15:54:33');
INSERT INTO `sys_logininfor` VALUES (118, 'admin', '127.0.0.1', '内网IP', 'Chrome 9', 'Windows 10', '0', '登录成功', '2021-11-01 15:54:44');
INSERT INTO `sys_logininfor` VALUES (119, 'admin123', '127.0.0.1', '内网IP', 'Chrome 9', 'Windows 10', '0', '登录成功', '2021-11-01 15:56:23');
INSERT INTO `sys_logininfor` VALUES (120, 'admin', '127.0.0.1', '内网IP', 'Chrome 9', 'Windows 10', '1', '验证码错误', '2021-11-01 16:43:44');
INSERT INTO `sys_logininfor` VALUES (121, 'admin', '127.0.0.1', '内网IP', 'Chrome 9', 'Windows 10', '0', '登录成功', '2021-11-01 16:43:47');
INSERT INTO `sys_logininfor` VALUES (122, 'admin123', '127.0.0.1', '内网IP', 'Chrome 9', 'Windows 10', '0', '登录成功', '2021-11-01 17:48:32');
INSERT INTO `sys_logininfor` VALUES (123, 'admin123', '127.0.0.1', '内网IP', 'Chrome 9', 'Windows 10', '0', '登录成功', '2021-11-01 17:48:44');
INSERT INTO `sys_logininfor` VALUES (124, 'admin123', '127.0.0.1', '内网IP', 'Chrome 9', 'Windows 10', '0', '登录成功', '2021-11-01 18:00:22');
INSERT INTO `sys_logininfor` VALUES (125, 'admin123', '127.0.0.1', '内网IP', 'Chrome 9', 'Windows 10', '0', '登录成功', '2021-11-01 18:07:19');
INSERT INTO `sys_logininfor` VALUES (126, 'admin123', '127.0.0.1', '内网IP', 'Chrome 9', 'Windows 10', '0', '登录成功', '2021-11-01 18:14:50');
INSERT INTO `sys_logininfor` VALUES (127, 'admin123', '127.0.0.1', '内网IP', 'Chrome 9', 'Windows 10', '0', '登录成功', '2021-11-01 18:17:45');
INSERT INTO `sys_logininfor` VALUES (128, 'admin123', '127.0.0.1', '内网IP', 'Chrome 9', 'Windows 10', '0', '登录成功', '2021-11-01 18:21:38');
INSERT INTO `sys_logininfor` VALUES (129, 'admin123', '127.0.0.1', '内网IP', 'Chrome 9', 'Windows 10', '0', '登录成功', '2021-11-01 18:36:21');
INSERT INTO `sys_logininfor` VALUES (130, 'admin123', '127.0.0.1', '内网IP', 'Chrome 9', 'Windows 10', '0', '登录成功', '2021-11-01 18:39:16');
INSERT INTO `sys_logininfor` VALUES (131, 'admin123', '127.0.0.1', '内网IP', 'Chrome 9', 'Windows 10', '0', '登录成功', '2021-11-01 18:41:01');
INSERT INTO `sys_logininfor` VALUES (132, 'admin123', '127.0.0.1', '内网IP', 'Chrome 9', 'Windows 10', '0', '登录成功', '2021-11-01 18:43:22');
INSERT INTO `sys_logininfor` VALUES (133, 'admin123', '127.0.0.1', '内网IP', 'Chrome 9', 'Windows 10', '0', '登录成功', '2021-11-01 19:35:57');
INSERT INTO `sys_logininfor` VALUES (134, 'admin123', '127.0.0.1', '内网IP', 'Chrome 9', 'Windows 10', '0', '退出成功', '2021-11-01 19:38:11');
INSERT INTO `sys_logininfor` VALUES (135, 'admin', '127.0.0.1', '内网IP', 'Chrome 9', 'Windows 10', '1', '密码输入错误1次', '2021-11-01 19:38:25');
INSERT INTO `sys_logininfor` VALUES (136, 'admin', '127.0.0.1', '内网IP', 'Chrome 9', 'Windows 10', '0', '登录成功', '2021-11-01 19:38:36');
INSERT INTO `sys_logininfor` VALUES (137, 'admin123', '127.0.0.1', '内网IP', 'Chrome 9', 'Windows 10', '0', '登录成功', '2021-11-02 09:20:05');
INSERT INTO `sys_logininfor` VALUES (138, 'admin123', '127.0.0.1', '内网IP', 'Chrome 9', 'Windows 10', '0', '登录成功', '2021-11-02 09:27:38');

-- ----------------------------
-- Table structure for sys_menu
-- ----------------------------
DROP TABLE IF EXISTS `sys_menu`;
CREATE TABLE `sys_menu`  (
  `menu_id` bigint(0) NOT NULL AUTO_INCREMENT COMMENT '菜单ID',
  `menu_name` varchar(50) CHARACTER SET utf8 COLLATE utf8_bin NOT NULL COMMENT '菜单名称',
  `parent_id` bigint(0) NULL DEFAULT 0 COMMENT '父菜单ID',
  `order_num` int(0) NULL DEFAULT 0 COMMENT '显示顺序',
  `url` varchar(200) CHARACTER SET utf8 COLLATE utf8_bin NULL DEFAULT '#' COMMENT '请求地址',
  `target` varchar(20) CHARACTER SET utf8 COLLATE utf8_bin NULL DEFAULT '' COMMENT '打开方式（menuItem页签 menuBlank新窗口）',
  `menu_type` char(1) CHARACTER SET utf8 COLLATE utf8_bin NULL DEFAULT '' COMMENT '菜单类型（M目录 C菜单 F按钮）',
  `visible` char(1) CHARACTER SET utf8 COLLATE utf8_bin NULL DEFAULT '0' COMMENT '菜单状态（0显示 1隐藏）',
  `is_refresh` char(1) CHARACTER SET utf8 COLLATE utf8_bin NULL DEFAULT '1' COMMENT '是否刷新（0刷新 1不刷新）',
  `perms` varchar(100) CHARACTER SET utf8 COLLATE utf8_bin NULL DEFAULT NULL COMMENT '权限标识',
  `icon` varchar(100) CHARACTER SET utf8 COLLATE utf8_bin NULL DEFAULT '#' COMMENT '菜单图标',
  `create_by` varchar(64) CHARACTER SET utf8 COLLATE utf8_bin NULL DEFAULT '' COMMENT '创建者',
  `create_time` datetime(0) NULL DEFAULT NULL COMMENT '创建时间',
  `update_by` varchar(64) CHARACTER SET utf8 COLLATE utf8_bin NULL DEFAULT '' COMMENT '更新者',
  `update_time` datetime(0) NULL DEFAULT NULL COMMENT '更新时间',
  `remark` varchar(500) CHARACTER SET utf8 COLLATE utf8_bin NULL DEFAULT '' COMMENT '备注',
  PRIMARY KEY (`menu_id`) USING BTREE
) ENGINE = InnoDB AUTO_INCREMENT = 2005 CHARACTER SET = utf8 COLLATE = utf8_bin COMMENT = '菜单权限表' ROW_FORMAT = Dynamic;

-- ----------------------------
-- Records of sys_menu
-- ----------------------------
INSERT INTO `sys_menu` VALUES (1, '系统管理', 0, 1, '#', '', 'M', '0', '1', '', 'fa fa-gear', 'admin', '2021-10-28 11:41:06', '', NULL, '系统管理目录');
INSERT INTO `sys_menu` VALUES (2, '系统监控', 0, 2, '#', '', 'M', '0', '1', '', 'fa fa-video-camera', 'admin', '2021-10-28 11:41:06', '', NULL, '系统监控目录');
INSERT INTO `sys_menu` VALUES (3, '系统工具', 0, 3, '#', '', 'M', '0', '1', '', 'fa fa-bars', 'admin', '2021-10-28 11:41:06', '', NULL, '系统工具目录');
INSERT INTO `sys_menu` VALUES (4, '若依官网', 0, 4, 'http://ruoyi.vip', 'menuBlank', 'C', '0', '1', '', 'fa fa-location-arrow', 'admin', '2021-10-28 11:41:06', '', NULL, '若依官网地址');
INSERT INTO `sys_menu` VALUES (100, '用户管理', 1, 1, '/system/user', '', 'C', '0', '1', 'system:user:view', 'fa fa-user-o', 'admin', '2021-10-28 11:41:06', '', NULL, '用户管理菜单');
INSERT INTO `sys_menu` VALUES (101, '角色管理', 1, 2, '/system/role', '', 'C', '0', '1', 'system:role:view', 'fa fa-user-secret', 'admin', '2021-10-28 11:41:06', '', NULL, '角色管理菜单');
INSERT INTO `sys_menu` VALUES (102, '菜单管理', 1, 3, '/system/menu', '', 'C', '0', '1', 'system:menu:view', 'fa fa-th-list', 'admin', '2021-10-28 11:41:06', '', NULL, '菜单管理菜单');
INSERT INTO `sys_menu` VALUES (103, '部门管理', 1, 4, '/system/dept', '', 'C', '0', '1', 'system:dept:view', 'fa fa-outdent', 'admin', '2021-10-28 11:41:06', '', NULL, '部门管理菜单');
INSERT INTO `sys_menu` VALUES (104, '岗位管理', 1, 5, '/system/post', '', 'C', '0', '1', 'system:post:view', 'fa fa-address-card-o', 'admin', '2021-10-28 11:41:06', '', NULL, '岗位管理菜单');
INSERT INTO `sys_menu` VALUES (105, '字典管理', 1, 6, '/system/dict', '', 'C', '0', '1', 'system:dict:view', 'fa fa-bookmark-o', 'admin', '2021-10-28 11:41:06', '', NULL, '字典管理菜单');
INSERT INTO `sys_menu` VALUES (106, '参数设置', 1, 7, '/system/config', '', 'C', '0', '1', 'system:config:view', 'fa fa-sun-o', 'admin', '2021-10-28 11:41:06', '', NULL, '参数设置菜单');
INSERT INTO `sys_menu` VALUES (107, '通知公告', 1, 8, '/system/notice', '', 'C', '0', '1', 'system:notice:view', 'fa fa-bullhorn', 'admin', '2021-10-28 11:41:06', '', NULL, '通知公告菜单');
INSERT INTO `sys_menu` VALUES (108, '日志管理', 1, 9, '#', '', 'M', '0', '1', '', 'fa fa-pencil-square-o', 'admin', '2021-10-28 11:41:06', '', NULL, '日志管理菜单');
INSERT INTO `sys_menu` VALUES (109, '在线用户', 2, 1, '/monitor/online', '', 'C', '0', '1', 'monitor:online:view', 'fa fa-user-circle', 'admin', '2021-10-28 11:41:06', '', NULL, '在线用户菜单');
INSERT INTO `sys_menu` VALUES (110, '定时任务', 2, 2, '/monitor/job', '', 'C', '0', '1', 'monitor:job:view', 'fa fa-tasks', 'admin', '2021-10-28 11:41:06', '', NULL, '定时任务菜单');
INSERT INTO `sys_menu` VALUES (111, '数据监控', 2, 3, '/monitor/data', '', 'C', '0', '1', 'monitor:data:view', 'fa fa-bug', 'admin', '2021-10-28 11:41:06', '', NULL, '数据监控菜单');
INSERT INTO `sys_menu` VALUES (112, '服务监控', 2, 4, '/monitor/server', '', 'C', '0', '1', 'monitor:server:view', 'fa fa-server', 'admin', '2021-10-28 11:41:06', '', NULL, '服务监控菜单');
INSERT INTO `sys_menu` VALUES (113, '缓存监控', 2, 5, '/monitor/cache', '', 'C', '0', '1', 'monitor:cache:view', 'fa fa-cube', 'admin', '2021-10-28 11:41:06', '', NULL, '缓存监控菜单');
INSERT INTO `sys_menu` VALUES (114, '表单构建', 3, 1, '/tool/build', '', 'C', '0', '1', 'tool:build:view', 'fa fa-wpforms', 'admin', '2021-10-28 11:41:06', '', NULL, '表单构建菜单');
INSERT INTO `sys_menu` VALUES (115, '代码生成', 3, 2, '/tool/gen', '', 'C', '0', '1', 'tool:gen:view', 'fa fa-code', 'admin', '2021-10-28 11:41:06', '', NULL, '代码生成菜单');
INSERT INTO `sys_menu` VALUES (116, '系统接口', 3, 3, '/tool/swagger', '', 'C', '0', '1', 'tool:swagger:view', 'fa fa-gg', 'admin', '2021-10-28 11:41:06', '', NULL, '系统接口菜单');
INSERT INTO `sys_menu` VALUES (500, '操作日志', 108, 1, '/monitor/operlog', '', 'C', '0', '1', 'monitor:operlog:view', 'fa fa-address-book', 'admin', '2021-10-28 11:41:06', '', NULL, '操作日志菜单');
INSERT INTO `sys_menu` VALUES (501, '登录日志', 108, 2, '/monitor/logininfor', '', 'C', '0', '1', 'monitor:logininfor:view', 'fa fa-file-image-o', 'admin', '2021-10-28 11:41:06', '', NULL, '登录日志菜单');
INSERT INTO `sys_menu` VALUES (1000, '用户查询', 100, 1, '#', '', 'F', '0', '1', 'system:user:list', '#', 'admin', '2021-10-28 11:41:06', '', NULL, '');
INSERT INTO `sys_menu` VALUES (1001, '用户新增', 100, 2, '#', '', 'F', '0', '1', 'system:user:add', '#', 'admin', '2021-10-28 11:41:06', '', NULL, '');
INSERT INTO `sys_menu` VALUES (1002, '用户修改', 100, 3, '#', '', 'F', '0', '1', 'system:user:edit', '#', 'admin', '2021-10-28 11:41:06', '', NULL, '');
INSERT INTO `sys_menu` VALUES (1003, '用户删除', 100, 4, '#', '', 'F', '0', '1', 'system:user:remove', '#', 'admin', '2021-10-28 11:41:06', '', NULL, '');
INSERT INTO `sys_menu` VALUES (1004, '用户导出', 100, 5, '#', '', 'F', '0', '1', 'system:user:export', '#', 'admin', '2021-10-28 11:41:06', '', NULL, '');
INSERT INTO `sys_menu` VALUES (1005, '用户导入', 100, 6, '#', '', 'F', '0', '1', 'system:user:import', '#', 'admin', '2021-10-28 11:41:06', '', NULL, '');
INSERT INTO `sys_menu` VALUES (1006, '重置密码', 100, 7, '#', '', 'F', '0', '1', 'system:user:resetPwd', '#', 'admin', '2021-10-28 11:41:06', '', NULL, '');
INSERT INTO `sys_menu` VALUES (1007, '角色查询', 101, 1, '#', '', 'F', '0', '1', 'system:role:list', '#', 'admin', '2021-10-28 11:41:06', '', NULL, '');
INSERT INTO `sys_menu` VALUES (1008, '角色新增', 101, 2, '#', '', 'F', '0', '1', 'system:role:add', '#', 'admin', '2021-10-28 11:41:06', '', NULL, '');
INSERT INTO `sys_menu` VALUES (1009, '角色修改', 101, 3, '#', '', 'F', '0', '1', 'system:role:edit', '#', 'admin', '2021-10-28 11:41:06', '', NULL, '');
INSERT INTO `sys_menu` VALUES (1010, '角色删除', 101, 4, '#', '', 'F', '0', '1', 'system:role:remove', '#', 'admin', '2021-10-28 11:41:06', '', NULL, '');
INSERT INTO `sys_menu` VALUES (1011, '角色导出', 101, 5, '#', '', 'F', '0', '1', 'system:role:export', '#', 'admin', '2021-10-28 11:41:06', '', NULL, '');
INSERT INTO `sys_menu` VALUES (1012, '菜单查询', 102, 1, '#', '', 'F', '0', '1', 'system:menu:list', '#', 'admin', '2021-10-28 11:41:06', '', NULL, '');
INSERT INTO `sys_menu` VALUES (1013, '菜单新增', 102, 2, '#', '', 'F', '0', '1', 'system:menu:add', '#', 'admin', '2021-10-28 11:41:06', '', NULL, '');
INSERT INTO `sys_menu` VALUES (1014, '菜单修改', 102, 3, '#', '', 'F', '0', '1', 'system:menu:edit', '#', 'admin', '2021-10-28 11:41:06', '', NULL, '');
INSERT INTO `sys_menu` VALUES (1015, '菜单删除', 102, 4, '#', '', 'F', '0', '1', 'system:menu:remove', '#', 'admin', '2021-10-28 11:41:06', '', NULL, '');
INSERT INTO `sys_menu` VALUES (1016, '部门查询', 103, 1, '#', '', 'F', '0', '1', 'system:dept:list', '#', 'admin', '2021-10-28 11:41:06', '', NULL, '');
INSERT INTO `sys_menu` VALUES (1017, '部门新增', 103, 2, '#', '', 'F', '0', '1', 'system:dept:add', '#', 'admin', '2021-10-28 11:41:06', '', NULL, '');
INSERT INTO `sys_menu` VALUES (1018, '部门修改', 103, 3, '#', '', 'F', '0', '1', 'system:dept:edit', '#', 'admin', '2021-10-28 11:41:06', '', NULL, '');
INSERT INTO `sys_menu` VALUES (1019, '部门删除', 103, 4, '#', '', 'F', '0', '1', 'system:dept:remove', '#', 'admin', '2021-10-28 11:41:06', '', NULL, '');
INSERT INTO `sys_menu` VALUES (1020, '岗位查询', 104, 1, '#', '', 'F', '0', '1', 'system:post:list', '#', 'admin', '2021-10-28 11:41:06', '', NULL, '');
INSERT INTO `sys_menu` VALUES (1021, '岗位新增', 104, 2, '#', '', 'F', '0', '1', 'system:post:add', '#', 'admin', '2021-10-28 11:41:06', '', NULL, '');
INSERT INTO `sys_menu` VALUES (1022, '岗位修改', 104, 3, '#', '', 'F', '0', '1', 'system:post:edit', '#', 'admin', '2021-10-28 11:41:06', '', NULL, '');
INSERT INTO `sys_menu` VALUES (1023, '岗位删除', 104, 4, '#', '', 'F', '0', '1', 'system:post:remove', '#', 'admin', '2021-10-28 11:41:06', '', NULL, '');
INSERT INTO `sys_menu` VALUES (1024, '岗位导出', 104, 5, '#', '', 'F', '0', '1', 'system:post:export', '#', 'admin', '2021-10-28 11:41:06', '', NULL, '');
INSERT INTO `sys_menu` VALUES (1025, '字典查询', 105, 1, '#', '', 'F', '0', '1', 'system:dict:list', '#', 'admin', '2021-10-28 11:41:06', '', NULL, '');
INSERT INTO `sys_menu` VALUES (1026, '字典新增', 105, 2, '#', '', 'F', '0', '1', 'system:dict:add', '#', 'admin', '2021-10-28 11:41:06', '', NULL, '');
INSERT INTO `sys_menu` VALUES (1027, '字典修改', 105, 3, '#', '', 'F', '0', '1', 'system:dict:edit', '#', 'admin', '2021-10-28 11:41:06', '', NULL, '');
INSERT INTO `sys_menu` VALUES (1028, '字典删除', 105, 4, '#', '', 'F', '0', '1', 'system:dict:remove', '#', 'admin', '2021-10-28 11:41:06', '', NULL, '');
INSERT INTO `sys_menu` VALUES (1029, '字典导出', 105, 5, '#', '', 'F', '0', '1', 'system:dict:export', '#', 'admin', '2021-10-28 11:41:06', '', NULL, '');
INSERT INTO `sys_menu` VALUES (1030, '参数查询', 106, 1, '#', '', 'F', '0', '1', 'system:config:list', '#', 'admin', '2021-10-28 11:41:06', '', NULL, '');
INSERT INTO `sys_menu` VALUES (1031, '参数新增', 106, 2, '#', '', 'F', '0', '1', 'system:config:add', '#', 'admin', '2021-10-28 11:41:06', '', NULL, '');
INSERT INTO `sys_menu` VALUES (1032, '参数修改', 106, 3, '#', '', 'F', '0', '1', 'system:config:edit', '#', 'admin', '2021-10-28 11:41:06', '', NULL, '');
INSERT INTO `sys_menu` VALUES (1033, '参数删除', 106, 4, '#', '', 'F', '0', '1', 'system:config:remove', '#', 'admin', '2021-10-28 11:41:06', '', NULL, '');
INSERT INTO `sys_menu` VALUES (1034, '参数导出', 106, 5, '#', '', 'F', '0', '1', 'system:config:export', '#', 'admin', '2021-10-28 11:41:06', '', NULL, '');
INSERT INTO `sys_menu` VALUES (1035, '公告查询', 107, 1, '#', '', 'F', '0', '1', 'system:notice:list', '#', 'admin', '2021-10-28 11:41:06', '', NULL, '');
INSERT INTO `sys_menu` VALUES (1036, '公告新增', 107, 2, '#', '', 'F', '0', '1', 'system:notice:add', '#', 'admin', '2021-10-28 11:41:06', '', NULL, '');
INSERT INTO `sys_menu` VALUES (1037, '公告修改', 107, 3, '#', '', 'F', '0', '1', 'system:notice:edit', '#', 'admin', '2021-10-28 11:41:06', '', NULL, '');
INSERT INTO `sys_menu` VALUES (1038, '公告删除', 107, 4, '#', '', 'F', '0', '1', 'system:notice:remove', '#', 'admin', '2021-10-28 11:41:06', '', NULL, '');
INSERT INTO `sys_menu` VALUES (1039, '操作查询', 500, 1, '#', '', 'F', '0', '1', 'monitor:operlog:list', '#', 'admin', '2021-10-28 11:41:06', '', NULL, '');
INSERT INTO `sys_menu` VALUES (1040, '操作删除', 500, 2, '#', '', 'F', '0', '1', 'monitor:operlog:remove', '#', 'admin', '2021-10-28 11:41:06', '', NULL, '');
INSERT INTO `sys_menu` VALUES (1041, '详细信息', 500, 3, '#', '', 'F', '0', '1', 'monitor:operlog:detail', '#', 'admin', '2021-10-28 11:41:06', '', NULL, '');
INSERT INTO `sys_menu` VALUES (1042, '日志导出', 500, 4, '#', '', 'F', '0', '1', 'monitor:operlog:export', '#', 'admin', '2021-10-28 11:41:06', '', NULL, '');
INSERT INTO `sys_menu` VALUES (1043, '登录查询', 501, 1, '#', '', 'F', '0', '1', 'monitor:logininfor:list', '#', 'admin', '2021-10-28 11:41:06', '', NULL, '');
INSERT INTO `sys_menu` VALUES (1044, '登录删除', 501, 2, '#', '', 'F', '0', '1', 'monitor:logininfor:remove', '#', 'admin', '2021-10-28 11:41:06', '', NULL, '');
INSERT INTO `sys_menu` VALUES (1045, '日志导出', 501, 3, '#', '', 'F', '0', '1', 'monitor:logininfor:export', '#', 'admin', '2021-10-28 11:41:06', '', NULL, '');
INSERT INTO `sys_menu` VALUES (1046, '账户解锁', 501, 4, '#', '', 'F', '0', '1', 'monitor:logininfor:unlock', '#', 'admin', '2021-10-28 11:41:06', '', NULL, '');
INSERT INTO `sys_menu` VALUES (1047, '在线查询', 109, 1, '#', '', 'F', '0', '1', 'monitor:online:list', '#', 'admin', '2021-10-28 11:41:06', '', NULL, '');
INSERT INTO `sys_menu` VALUES (1048, '批量强退', 109, 2, '#', '', 'F', '0', '1', 'monitor:online:batchForceLogout', '#', 'admin', '2021-10-28 11:41:06', '', NULL, '');
INSERT INTO `sys_menu` VALUES (1049, '单条强退', 109, 3, '#', '', 'F', '0', '1', 'monitor:online:forceLogout', '#', 'admin', '2021-10-28 11:41:06', '', NULL, '');
INSERT INTO `sys_menu` VALUES (1050, '任务查询', 110, 1, '#', '', 'F', '0', '1', 'monitor:job:list', '#', 'admin', '2021-10-28 11:41:06', '', NULL, '');
INSERT INTO `sys_menu` VALUES (1051, '任务新增', 110, 2, '#', '', 'F', '0', '1', 'monitor:job:add', '#', 'admin', '2021-10-28 11:41:06', '', NULL, '');
INSERT INTO `sys_menu` VALUES (1052, '任务修改', 110, 3, '#', '', 'F', '0', '1', 'monitor:job:edit', '#', 'admin', '2021-10-28 11:41:06', '', NULL, '');
INSERT INTO `sys_menu` VALUES (1053, '任务删除', 110, 4, '#', '', 'F', '0', '1', 'monitor:job:remove', '#', 'admin', '2021-10-28 11:41:06', '', NULL, '');
INSERT INTO `sys_menu` VALUES (1054, '状态修改', 110, 5, '#', '', 'F', '0', '1', 'monitor:job:changeStatus', '#', 'admin', '2021-10-28 11:41:06', '', NULL, '');
INSERT INTO `sys_menu` VALUES (1055, '任务详细', 110, 6, '#', '', 'F', '0', '1', 'monitor:job:detail', '#', 'admin', '2021-10-28 11:41:06', '', NULL, '');
INSERT INTO `sys_menu` VALUES (1056, '任务导出', 110, 7, '#', '', 'F', '0', '1', 'monitor:job:export', '#', 'admin', '2021-10-28 11:41:06', '', NULL, '');
INSERT INTO `sys_menu` VALUES (1057, '生成查询', 115, 1, '#', '', 'F', '0', '1', 'tool:gen:list', '#', 'admin', '2021-10-28 11:41:06', '', NULL, '');
INSERT INTO `sys_menu` VALUES (1058, '生成修改', 115, 2, '#', '', 'F', '0', '1', 'tool:gen:edit', '#', 'admin', '2021-10-28 11:41:06', '', NULL, '');
INSERT INTO `sys_menu` VALUES (1059, '生成删除', 115, 3, '#', '', 'F', '0', '1', 'tool:gen:remove', '#', 'admin', '2021-10-28 11:41:06', '', NULL, '');
INSERT INTO `sys_menu` VALUES (1060, '预览代码', 115, 4, '#', '', 'F', '0', '1', 'tool:gen:preview', '#', 'admin', '2021-10-28 11:41:06', '', NULL, '');
INSERT INTO `sys_menu` VALUES (1061, '生成代码', 115, 5, '#', '', 'F', '0', '1', 'tool:gen:code', '#', 'admin', '2021-10-28 11:41:06', '', NULL, '');
INSERT INTO `sys_menu` VALUES (2000, 'TG用户管理', 1, 0, '/system/tgUser', 'menuItem', 'C', '0', '1', 'system:tgUser:view', 'fa fa-address-card', 'admin', '2021-10-28 14:15:46', 'admin', '2021-10-28 14:16:18', '');
INSERT INTO `sys_menu` VALUES (2001, 'tg用户查询', 2000, 1, '#', 'menuItem', 'F', '0', '1', 'system:tgUser:list', '#', 'admin', '2021-10-28 14:16:40', '', NULL, '');
INSERT INTO `sys_menu` VALUES (2002, 'tg用户管理导出', 2000, 1, '#', 'menuItem', 'F', '0', '1', 'system:tgUser:export', '#', 'admin', '2021-10-28 14:17:03', '', NULL, '');
INSERT INTO `sys_menu` VALUES (2003, 'tg用户管理新增', 2000, 1, '#', 'menuItem', 'F', '0', '1', 'system:tgUser:add', '#', 'admin', '2021-10-28 14:17:28', '', NULL, '');
INSERT INTO `sys_menu` VALUES (2004, 'tg用户管理修改', 2000, 1, '#', 'menuItem', 'F', '0', '1', 'system:tgUser:edit', '#', 'admin', '2021-10-28 14:17:47', '', NULL, '');
INSERT INTO `sys_menu` VALUES (2005, 'tg用户管理删除', 2000, 1, '#', 'menuItem', 'F', '0', '1', 'system:tgUser:remove', '#', 'admin', '2021-10-28 14:18:01', '', NULL, '');
INSERT INTO `sys_menu` VALUES (2006, 'TG用户消息管理', 1, 0, '/system/message', 'menuItem', 'C', '0', '1', 'system:message:view', 'fa fa-commenting', 'admin', '2021-11-01 15:44:43', 'admin', '2021-11-01 15:45:55', '');
INSERT INTO `sys_menu` VALUES (2007, 'TG用户消息管理查询', 2006, 1, '#', 'menuItem', 'F', '0', '1', 'system:message:list', '#', 'admin', '2021-11-01 15:46:34', '', NULL, '');
INSERT INTO `sys_menu` VALUES (2008, 'TG用户消息管理新增', 2006, 1, '#', 'menuItem', 'F', '0', '1', 'system:message:add', '#', 'admin', '2021-11-01 15:47:08', 'admin', '2021-11-01 15:48:21', '');
INSERT INTO `sys_menu` VALUES (2009, 'tg用户消息管理修改', 2006, 1, '#', 'menuItem', 'F', '0', '1', 'system:message:edit', '#', 'admin', '2021-11-01 15:47:36', '', NULL, '');
INSERT INTO `sys_menu` VALUES (2010, 'tg用户消息管理删除', 2006, 1, '#', 'menuItem', 'F', '0', '1', 'system:message:remove', '#', 'admin', '2021-11-01 15:47:58', '', NULL, '');

-- ----------------------------
-- Table structure for sys_notice
-- ----------------------------
DROP TABLE IF EXISTS `sys_notice`;
CREATE TABLE `sys_notice`  (
  `notice_id` int(0) NOT NULL AUTO_INCREMENT COMMENT '公告ID',
  `notice_title` varchar(50) CHARACTER SET utf8 COLLATE utf8_bin NOT NULL COMMENT '公告标题',
  `notice_type` char(1) CHARACTER SET utf8 COLLATE utf8_bin NOT NULL COMMENT '公告类型（1通知 2公告）',
  `notice_content` varchar(2000) CHARACTER SET utf8 COLLATE utf8_bin NULL DEFAULT NULL COMMENT '公告内容',
  `status` char(1) CHARACTER SET utf8 COLLATE utf8_bin NULL DEFAULT '0' COMMENT '公告状态（0正常 1关闭）',
  `create_by` varchar(64) CHARACTER SET utf8 COLLATE utf8_bin NULL DEFAULT '' COMMENT '创建者',
  `create_time` datetime(0) NULL DEFAULT NULL COMMENT '创建时间',
  `update_by` varchar(64) CHARACTER SET utf8 COLLATE utf8_bin NULL DEFAULT '' COMMENT '更新者',
  `update_time` datetime(0) NULL DEFAULT NULL COMMENT '更新时间',
  `remark` varchar(255) CHARACTER SET utf8 COLLATE utf8_bin NULL DEFAULT NULL COMMENT '备注',
  PRIMARY KEY (`notice_id`) USING BTREE
) ENGINE = InnoDB AUTO_INCREMENT = 2 CHARACTER SET = utf8 COLLATE = utf8_bin COMMENT = '通知公告表' ROW_FORMAT = Dynamic;

-- ----------------------------
-- Records of sys_notice
-- ----------------------------
INSERT INTO `sys_notice` VALUES (1, '温馨提醒：2018-07-01 若依新版本发布啦', '2', '新版本内容', '0', 'admin', '2021-10-28 11:41:06', '', NULL, '管理员');
INSERT INTO `sys_notice` VALUES (2, '维护通知：2018-07-01 若依系统凌晨维护', '1', '维护内容', '0', 'admin', '2021-10-28 11:41:06', '', NULL, '管理员');

-- ----------------------------
-- Table structure for sys_oper_log
-- ----------------------------
DROP TABLE IF EXISTS `sys_oper_log`;
CREATE TABLE `sys_oper_log`  (
  `oper_id` bigint(0) NOT NULL AUTO_INCREMENT COMMENT '日志主键',
  `title` varchar(50) CHARACTER SET utf8 COLLATE utf8_bin NULL DEFAULT '' COMMENT '模块标题',
  `business_type` int(0) NULL DEFAULT 0 COMMENT '业务类型（0其它 1新增 2修改 3删除）',
  `method` varchar(100) CHARACTER SET utf8 COLLATE utf8_bin NULL DEFAULT '' COMMENT '方法名称',
  `request_method` varchar(10) CHARACTER SET utf8 COLLATE utf8_bin NULL DEFAULT '' COMMENT '请求方式',
  `operator_type` int(0) NULL DEFAULT 0 COMMENT '操作类别（0其它 1后台用户 2手机端用户）',
  `oper_name` varchar(50) CHARACTER SET utf8 COLLATE utf8_bin NULL DEFAULT '' COMMENT '操作人员',
  `dept_name` varchar(50) CHARACTER SET utf8 COLLATE utf8_bin NULL DEFAULT '' COMMENT '部门名称',
  `oper_url` varchar(255) CHARACTER SET utf8 COLLATE utf8_bin NULL DEFAULT '' COMMENT '请求URL',
  `oper_ip` varchar(128) CHARACTER SET utf8 COLLATE utf8_bin NULL DEFAULT '' COMMENT '主机地址',
  `oper_location` varchar(255) CHARACTER SET utf8 COLLATE utf8_bin NULL DEFAULT '' COMMENT '操作地点',
  `oper_param` varchar(2000) CHARACTER SET utf8 COLLATE utf8_bin NULL DEFAULT '' COMMENT '请求参数',
  `json_result` varchar(2000) CHARACTER SET utf8 COLLATE utf8_bin NULL DEFAULT '' COMMENT '返回参数',
  `status` int(0) NULL DEFAULT 0 COMMENT '操作状态（0正常 1异常）',
  `error_msg` varchar(2000) CHARACTER SET utf8 COLLATE utf8_bin NULL DEFAULT '' COMMENT '错误消息',
  `oper_time` datetime(0) NULL DEFAULT NULL COMMENT '操作时间',
  PRIMARY KEY (`oper_id`) USING BTREE
) ENGINE = InnoDB AUTO_INCREMENT = 120 CHARACTER SET = utf8 COLLATE = utf8_bin COMMENT = '操作日志记录' ROW_FORMAT = Dynamic;

-- ----------------------------
-- Records of sys_oper_log
-- ----------------------------
INSERT INTO `sys_oper_log` VALUES (100, '代码生成', 6, 'com.ruoyi.generator.controller.GenController.importTableSave()', 'POST', 1, 'admin', '研发部门', '/tool/gen/importTable', '127.0.0.1', '内网IP', '{\"tables\":[\"tg_user\"]}', '{\"msg\":\"操作成功\",\"code\":0}', 0, NULL, '2021-10-28 13:58:40');
INSERT INTO `sys_oper_log` VALUES (101, '代码生成', 3, 'com.ruoyi.generator.controller.GenController.remove()', 'POST', 1, 'admin', '研发部门', '/tool/gen/remove', '127.0.0.1', '内网IP', '{\"ids\":[\"1\"]}', '{\"msg\":\"操作成功\",\"code\":0}', 0, NULL, '2021-10-28 14:01:45');
INSERT INTO `sys_oper_log` VALUES (102, '代码生成', 6, 'com.ruoyi.generator.controller.GenController.importTableSave()', 'POST', 1, 'admin', '研发部门', '/tool/gen/importTable', '127.0.0.1', '内网IP', '{\"tables\":[\"tg_user\"]}', '{\"msg\":\"操作成功\",\"code\":0}', 0, NULL, '2021-10-28 14:01:49');
INSERT INTO `sys_oper_log` VALUES (103, '代码生成', 2, 'com.ruoyi.generator.controller.GenController.editSave()', 'POST', 1, 'admin', '研发部门', '/tool/gen/edit', '127.0.0.1', '内网IP', '{\"tableId\":[\"2\"],\"tableName\":[\"tg_user\"],\"tableComment\":[\"tg用户\"],\"className\":[\"TgUser\"],\"functionAuthor\":[\"ruoyi\"],\"remark\":[\"\"],\"columns[0].columnId\":[\"7\"],\"columns[0].sort\":[\"1\"],\"columns[0].columnComment\":[\"编号\"],\"columns[0].javaType\":[\"Long\"],\"columns[0].javaField\":[\"id\"],\"columns[0].isInsert\":[\"1\"],\"columns[0].queryType\":[\"EQ\"],\"columns[0].htmlType\":[\"input\"],\"columns[0].dictType\":[\"\"],\"columns[1].columnId\":[\"8\"],\"columns[1].sort\":[\"2\"],\"columns[1].columnComment\":[\"tg用户id\"],\"columns[1].javaType\":[\"String\"],\"columns[1].javaField\":[\"userId\"],\"columns[1].isInsert\":[\"1\"],\"columns[1].isEdit\":[\"1\"],\"columns[1].isList\":[\"1\"],\"columns[1].isQuery\":[\"1\"],\"columns[1].queryType\":[\"EQ\"],\"columns[1].htmlType\":[\"input\"],\"columns[1].dictType\":[\"\"],\"columns[2].columnId\":[\"9\"],\"columns[2].sort\":[\"3\"],\"columns[2].columnComment\":[\"所属会话\"],\"columns[2].javaType\":[\"String\"],\"columns[2].javaField\":[\"chatId\"],\"columns[2].isInsert\":[\"1\"],\"columns[2].isEdit\":[\"1\"],\"columns[2].isList\":[\"1\"],\"columns[2].isQuery\":[\"1\"],\"columns[2].queryType\":[\"EQ\"],\"columns[2].htmlType\":[\"input\"],\"columns[2].dictType\":[\"\"],\"columns[3].columnId\":[\"10\"],\"columns[3].sort\":[\"4\"],\"columns[3].columnComment\":[\"是否封禁\"],\"columns[3].javaType\":[\"Long\"],\"columns[3].javaField\":[\"ifBan\"],\"columns[3].isInsert\":[\"1\"],\"columns[3].isEdit\":[\"1\"],\"columns[3].isList\":[\"1\"],\"columns[3].isQuery\":[\"1\"],\"columns[3].queryType\":[\"EQ\"],\"columns[3].htmlType\":[\"input\"],\"columns[3].dictType\":[\"\"],\"columns[4].columnId\":[\"11\"],\"columns[4].sort\":[\"5\"],\"columns[4].columnComment\":[\"验证码\"],\"columns[4].javaType\":[\"String\"],\"columns[4].javaField\":[\"verificationCode\"],\"columns[4].isInsert\":[\"1\"],\"columns[4].isEdit\":[\"1\"],\"columns[4].isList\":[\"1\"],\"columns[4].isQuery\":[\"1\"],\"columns[4].queryType\":[\"EQ\"],\"columns[4].htmlType\":[\"input\"],\"columns[4].dictType\":[\"\"],\"columns[5].columnId\":[\"12\"],\"columns[5].sort\":[\"6\"],\"columns[5].columnComment\":[\"正确结果\"],\"columns[5].javaType\":[\"String\"],\"columns[5].javaField\":[\"trueRes\"],\"columns[5].isInsert\":[\"1\"],\"columns', '{\"msg\":\"操作成功\",\"code\":0}', 0, NULL, '2021-10-28 14:02:46');
INSERT INTO `sys_oper_log` VALUES (104, '代码生成', 2, 'com.ruoyi.generator.controller.GenController.editSave()', 'POST', 1, 'admin', '研发部门', '/tool/gen/edit', '127.0.0.1', '内网IP', '{\"tableId\":[\"2\"],\"tableName\":[\"tg_user\"],\"tableComment\":[\"tg用户\"],\"className\":[\"TgUser\"],\"functionAuthor\":[\"ruoyi\"],\"remark\":[\"\"],\"columns[0].columnId\":[\"7\"],\"columns[0].sort\":[\"1\"],\"columns[0].columnComment\":[\"编号\"],\"columns[0].javaType\":[\"Long\"],\"columns[0].javaField\":[\"id\"],\"columns[0].isInsert\":[\"1\"],\"columns[0].queryType\":[\"EQ\"],\"columns[0].htmlType\":[\"input\"],\"columns[0].dictType\":[\"\"],\"columns[1].columnId\":[\"8\"],\"columns[1].sort\":[\"2\"],\"columns[1].columnComment\":[\"tg用户id\"],\"columns[1].javaType\":[\"String\"],\"columns[1].javaField\":[\"userId\"],\"columns[1].isInsert\":[\"1\"],\"columns[1].isEdit\":[\"1\"],\"columns[1].isList\":[\"1\"],\"columns[1].isQuery\":[\"1\"],\"columns[1].queryType\":[\"EQ\"],\"columns[1].htmlType\":[\"input\"],\"columns[1].dictType\":[\"\"],\"columns[2].columnId\":[\"9\"],\"columns[2].sort\":[\"3\"],\"columns[2].columnComment\":[\"所属会话\"],\"columns[2].javaType\":[\"String\"],\"columns[2].javaField\":[\"chatId\"],\"columns[2].isInsert\":[\"1\"],\"columns[2].isEdit\":[\"1\"],\"columns[2].isList\":[\"1\"],\"columns[2].isQuery\":[\"1\"],\"columns[2].queryType\":[\"EQ\"],\"columns[2].htmlType\":[\"input\"],\"columns[2].dictType\":[\"\"],\"columns[3].columnId\":[\"10\"],\"columns[3].sort\":[\"4\"],\"columns[3].columnComment\":[\"是否封禁\"],\"columns[3].javaType\":[\"Long\"],\"columns[3].javaField\":[\"ifBan\"],\"columns[3].isInsert\":[\"1\"],\"columns[3].isEdit\":[\"1\"],\"columns[3].isList\":[\"1\"],\"columns[3].isQuery\":[\"1\"],\"columns[3].queryType\":[\"EQ\"],\"columns[3].htmlType\":[\"select\"],\"columns[3].dictType\":[\"\"],\"columns[4].columnId\":[\"11\"],\"columns[4].sort\":[\"5\"],\"columns[4].columnComment\":[\"验证码\"],\"columns[4].javaType\":[\"String\"],\"columns[4].javaField\":[\"verificationCode\"],\"columns[4].isInsert\":[\"1\"],\"columns[4].isEdit\":[\"1\"],\"columns[4].isList\":[\"1\"],\"columns[4].isQuery\":[\"1\"],\"columns[4].queryType\":[\"EQ\"],\"columns[4].htmlType\":[\"input\"],\"columns[4].dictType\":[\"\"],\"columns[5].columnId\":[\"12\"],\"columns[5].sort\":[\"6\"],\"columns[5].columnComment\":[\"正确结果\"],\"columns[5].javaType\":[\"String\"],\"columns[5].javaField\":[\"trueRes\"],\"columns[5].isInsert\":[\"1\"],\"column', '{\"msg\":\"操作成功\",\"code\":0}', 0, NULL, '2021-10-28 14:03:08');
INSERT INTO `sys_oper_log` VALUES (105, '字典类型', 1, 'com.ruoyi.web.controller.system.SysDictTypeController.addSave()', 'POST', 1, 'admin', '研发部门', '/system/dict/add', '127.0.0.1', '内网IP', '{\"dictName\":[\"是否封禁\"],\"dictType\":[\"if_ban\"],\"status\":[\"0\"],\"remark\":[\"\"]}', '{\"msg\":\"操作成功\",\"code\":0}', 0, NULL, '2021-10-28 14:03:52');
INSERT INTO `sys_oper_log` VALUES (106, '字典类型', 2, 'com.ruoyi.web.controller.system.SysDictTypeController.editSave()', 'POST', 1, 'admin', '研发部门', '/system/dict/edit', '127.0.0.1', '内网IP', '{\"dictId\":[\"100\"],\"dictName\":[\"tg用户是否封禁\"],\"dictType\":[\"tg_if_ban\"],\"status\":[\"0\"],\"remark\":[\"\"]}', '{\"msg\":\"操作成功\",\"code\":0}', 0, NULL, '2021-10-28 14:04:11');
INSERT INTO `sys_oper_log` VALUES (107, '字典数据', 1, 'com.ruoyi.web.controller.system.SysDictDataController.addSave()', 'POST', 1, 'admin', '研发部门', '/system/dict/data/add', '127.0.0.1', '内网IP', '{\"dictLabel\":[\"正常\"],\"dictValue\":[\"1\"],\"dictType\":[\"tg_if_ban\"],\"cssClass\":[\"\"],\"dictSort\":[\"0\"],\"listClass\":[\"\"],\"isDefault\":[\"Y\"],\"status\":[\"0\"],\"remark\":[\"\"]}', '{\"msg\":\"操作成功\",\"code\":0}', 0, NULL, '2021-10-28 14:04:53');
INSERT INTO `sys_oper_log` VALUES (108, '字典数据', 1, 'com.ruoyi.web.controller.system.SysDictDataController.addSave()', 'POST', 1, 'admin', '研发部门', '/system/dict/data/add', '127.0.0.1', '内网IP', '{\"dictLabel\":[\"停用\"],\"dictValue\":[\"2\"],\"dictType\":[\"tg_if_ban\"],\"cssClass\":[\"\"],\"dictSort\":[\"2\"],\"listClass\":[\"\"],\"isDefault\":[\"Y\"],\"status\":[\"0\"],\"remark\":[\"\"]}', '{\"msg\":\"操作成功\",\"code\":0}', 0, NULL, '2021-10-28 14:05:10');
INSERT INTO `sys_oper_log` VALUES (109, '字典数据', 2, 'com.ruoyi.web.controller.system.SysDictDataController.editSave()', 'POST', 1, 'admin', '研发部门', '/system/dict/data/edit', '127.0.0.1', '内网IP', '{\"dictCode\":[\"100\"],\"dictLabel\":[\"正常\"],\"dictValue\":[\"1\"],\"dictType\":[\"tg_if_ban\"],\"cssClass\":[\"\"],\"dictSort\":[\"0\"],\"listClass\":[\"primary\"],\"isDefault\":[\"Y\"],\"status\":[\"0\"],\"remark\":[\"\"]}', '{\"msg\":\"操作成功\",\"code\":0}', 0, NULL, '2021-10-28 14:05:32');
INSERT INTO `sys_oper_log` VALUES (110, '字典数据', 2, 'com.ruoyi.web.controller.system.SysDictDataController.editSave()', 'POST', 1, 'admin', '研发部门', '/system/dict/data/edit', '127.0.0.1', '内网IP', '{\"dictCode\":[\"101\"],\"dictLabel\":[\"停用\"],\"dictValue\":[\"2\"],\"dictType\":[\"tg_if_ban\"],\"cssClass\":[\"\"],\"dictSort\":[\"2\"],\"listClass\":[\"danger\"],\"isDefault\":[\"Y\"],\"status\":[\"0\"],\"remark\":[\"\"]}', '{\"msg\":\"操作成功\",\"code\":0}', 0, NULL, '2021-10-28 14:05:37');
INSERT INTO `sys_oper_log` VALUES (111, '代码生成', 2, 'com.ruoyi.generator.controller.GenController.editSave()', 'POST', 1, 'admin', '研发部门', '/tool/gen/edit', '127.0.0.1', '内网IP', '{\"tableId\":[\"2\"],\"tableName\":[\"tg_user\"],\"tableComment\":[\"tg用户\"],\"className\":[\"TgUser\"],\"functionAuthor\":[\"ruoyi\"],\"remark\":[\"\"],\"columns[0].columnId\":[\"7\"],\"columns[0].sort\":[\"1\"],\"columns[0].columnComment\":[\"编号\"],\"columns[0].javaType\":[\"Long\"],\"columns[0].javaField\":[\"id\"],\"columns[0].isInsert\":[\"1\"],\"columns[0].queryType\":[\"EQ\"],\"columns[0].htmlType\":[\"input\"],\"columns[0].dictType\":[\"\"],\"columns[1].columnId\":[\"8\"],\"columns[1].sort\":[\"2\"],\"columns[1].columnComment\":[\"tg用户id\"],\"columns[1].javaType\":[\"String\"],\"columns[1].javaField\":[\"userId\"],\"columns[1].isInsert\":[\"1\"],\"columns[1].isEdit\":[\"1\"],\"columns[1].isList\":[\"1\"],\"columns[1].isQuery\":[\"1\"],\"columns[1].queryType\":[\"EQ\"],\"columns[1].htmlType\":[\"input\"],\"columns[1].dictType\":[\"\"],\"columns[2].columnId\":[\"9\"],\"columns[2].sort\":[\"3\"],\"columns[2].columnComment\":[\"所属会话\"],\"columns[2].javaType\":[\"String\"],\"columns[2].javaField\":[\"chatId\"],\"columns[2].isInsert\":[\"1\"],\"columns[2].isEdit\":[\"1\"],\"columns[2].isList\":[\"1\"],\"columns[2].isQuery\":[\"1\"],\"columns[2].queryType\":[\"EQ\"],\"columns[2].htmlType\":[\"input\"],\"columns[2].dictType\":[\"\"],\"columns[3].columnId\":[\"10\"],\"columns[3].sort\":[\"4\"],\"columns[3].columnComment\":[\"是否封禁\"],\"columns[3].javaType\":[\"Long\"],\"columns[3].javaField\":[\"ifBan\"],\"columns[3].isInsert\":[\"1\"],\"columns[3].isEdit\":[\"1\"],\"columns[3].isList\":[\"1\"],\"columns[3].isQuery\":[\"1\"],\"columns[3].queryType\":[\"EQ\"],\"columns[3].htmlType\":[\"select\"],\"columns[3].dictType\":[\"tg_if_ban\"],\"columns[4].columnId\":[\"11\"],\"columns[4].sort\":[\"5\"],\"columns[4].columnComment\":[\"验证码\"],\"columns[4].javaType\":[\"String\"],\"columns[4].javaField\":[\"verificationCode\"],\"columns[4].isInsert\":[\"1\"],\"columns[4].isEdit\":[\"1\"],\"columns[4].isList\":[\"1\"],\"columns[4].isQuery\":[\"1\"],\"columns[4].queryType\":[\"EQ\"],\"columns[4].htmlType\":[\"input\"],\"columns[4].dictType\":[\"\"],\"columns[5].columnId\":[\"12\"],\"columns[5].sort\":[\"6\"],\"columns[5].columnComment\":[\"正确结果\"],\"columns[5].javaType\":[\"String\"],\"columns[5].javaField\":[\"trueRes\"],\"columns[5].isInsert\":[\"1\"', '{\"msg\":\"操作成功\",\"code\":0}', 0, NULL, '2021-10-28 14:06:00');
INSERT INTO `sys_oper_log` VALUES (112, '代码生成', 8, 'com.ruoyi.generator.controller.GenController.download()', 'GET', 1, 'admin', '研发部门', '/tool/gen/download/tg_user', '127.0.0.1', '内网IP', '\"tg_user\"', NULL, 0, NULL, '2021-10-28 14:06:16');
INSERT INTO `sys_oper_log` VALUES (113, '菜单管理', 1, 'com.ruoyi.web.controller.system.SysMenuController.addSave()', 'POST', 1, 'admin', '研发部门', '/system/menu/add', '127.0.0.1', '内网IP', '{\"parentId\":[\"1\"],\"menuType\":[\"C\"],\"menuName\":[\"tg用户管理\"],\"url\":[\"/system/tgUser\"],\"target\":[\"menuItem\"],\"perms\":[\"system:tgUser:view\"],\"orderNum\":[\"1\"],\"icon\":[\"\"],\"visible\":[\"0\"],\"isRefresh\":[\"1\"]}', '{\"msg\":\"操作成功\",\"code\":0}', 0, NULL, '2021-10-28 14:15:46');
INSERT INTO `sys_oper_log` VALUES (114, '菜单管理', 2, 'com.ruoyi.web.controller.system.SysMenuController.editSave()', 'POST', 1, 'admin', '研发部门', '/system/menu/edit', '127.0.0.1', '内网IP', '{\"menuId\":[\"2000\"],\"parentId\":[\"1\"],\"menuType\":[\"C\"],\"menuName\":[\"tg用户管理\"],\"url\":[\"/system/tgUser\"],\"target\":[\"menuItem\"],\"perms\":[\"system:tgUser:view\"],\"orderNum\":[\"0\"],\"icon\":[\"#\"],\"visible\":[\"0\"],\"isRefresh\":[\"1\"]}', '{\"msg\":\"操作成功\",\"code\":0}', 0, NULL, '2021-10-28 14:15:55');
INSERT INTO `sys_oper_log` VALUES (115, '菜单管理', 2, 'com.ruoyi.web.controller.system.SysMenuController.editSave()', 'POST', 1, 'admin', '研发部门', '/system/menu/edit', '127.0.0.1', '内网IP', '{\"menuId\":[\"2000\"],\"parentId\":[\"1\"],\"menuType\":[\"C\"],\"menuName\":[\"TG用户管理\"],\"url\":[\"/system/tgUser\"],\"target\":[\"menuItem\"],\"perms\":[\"system:tgUser:view\"],\"orderNum\":[\"0\"],\"icon\":[\"fa fa-address-card\"],\"visible\":[\"0\"],\"isRefresh\":[\"1\"]}', '{\"msg\":\"操作成功\",\"code\":0}', 0, NULL, '2021-10-28 14:16:18');
INSERT INTO `sys_oper_log` VALUES (116, '菜单管理', 1, 'com.ruoyi.web.controller.system.SysMenuController.addSave()', 'POST', 1, 'admin', '研发部门', '/system/menu/add', '127.0.0.1', '内网IP', '{\"parentId\":[\"2000\"],\"menuType\":[\"F\"],\"menuName\":[\"tg用户查询\"],\"url\":[\"\"],\"target\":[\"menuItem\"],\"perms\":[\"system:tgUser:list\"],\"orderNum\":[\"1\"],\"icon\":[\"\"],\"visible\":[\"0\"],\"isRefresh\":[\"1\"]}', '{\"msg\":\"操作成功\",\"code\":0}', 0, NULL, '2021-10-28 14:16:40');
INSERT INTO `sys_oper_log` VALUES (117, '菜单管理', 1, 'com.ruoyi.web.controller.system.SysMenuController.addSave()', 'POST', 1, 'admin', '研发部门', '/system/menu/add', '127.0.0.1', '内网IP', '{\"parentId\":[\"2000\"],\"menuType\":[\"F\"],\"menuName\":[\"tg用户管理导出\"],\"url\":[\"\"],\"target\":[\"menuItem\"],\"perms\":[\"system:tgUser:export\"],\"orderNum\":[\"1\"],\"icon\":[\"\"],\"visible\":[\"0\"],\"isRefresh\":[\"1\"]}', '{\"msg\":\"操作成功\",\"code\":0}', 0, NULL, '2021-10-28 14:17:03');
INSERT INTO `sys_oper_log` VALUES (118, '菜单管理', 1, 'com.ruoyi.web.controller.system.SysMenuController.addSave()', 'POST', 1, 'admin', '研发部门', '/system/menu/add', '127.0.0.1', '内网IP', '{\"parentId\":[\"2000\"],\"menuType\":[\"F\"],\"menuName\":[\"tg用户管理新增\"],\"url\":[\"\"],\"target\":[\"menuItem\"],\"perms\":[\"system:tgUser:add\"],\"orderNum\":[\"1\"],\"icon\":[\"\"],\"visible\":[\"0\"],\"isRefresh\":[\"1\"]}', '{\"msg\":\"操作成功\",\"code\":0}', 0, NULL, '2021-10-28 14:17:28');
INSERT INTO `sys_oper_log` VALUES (119, '菜单管理', 1, 'com.ruoyi.web.controller.system.SysMenuController.addSave()', 'POST', 1, 'admin', '研发部门', '/system/menu/add', '127.0.0.1', '内网IP', '{\"parentId\":[\"2000\"],\"menuType\":[\"F\"],\"menuName\":[\"tg用户管理修改\"],\"url\":[\"\"],\"target\":[\"menuItem\"],\"perms\":[\"system:tgUser:edit\"],\"orderNum\":[\"1\"],\"icon\":[\"\"],\"visible\":[\"0\"],\"isRefresh\":[\"1\"]}', '{\"msg\":\"操作成功\",\"code\":0}', 0, NULL, '2021-10-28 14:17:47');
INSERT INTO `sys_oper_log` VALUES (120, '菜单管理', 1, 'com.ruoyi.web.controller.system.SysMenuController.addSave()', 'POST', 1, 'admin', '研发部门', '/system/menu/add', '127.0.0.1', '内网IP', '{\"parentId\":[\"2000\"],\"menuType\":[\"F\"],\"menuName\":[\"tg用户管理删除\"],\"url\":[\"\"],\"target\":[\"menuItem\"],\"perms\":[\"system:tgUser:remove\"],\"orderNum\":[\"1\"],\"icon\":[\"\"],\"visible\":[\"0\"],\"isRefresh\":[\"1\"]}', '{\"msg\":\"操作成功\",\"code\":0}', 0, NULL, '2021-10-28 14:18:01');
INSERT INTO `sys_oper_log` VALUES (121, '代码生成', 6, 'com.ruoyi.generator.controller.GenController.importTableSave()', 'POST', 1, 'admin', '研发部门', '/tool/gen/importTable', '127.0.0.1', '内网IP', '{\"tables\":[\"tg_user_message\"]}', '{\"msg\":\"操作成功\",\"code\":0}', 0, NULL, '2021-11-01 15:40:36');
INSERT INTO `sys_oper_log` VALUES (122, '代码生成', 2, 'com.ruoyi.generator.controller.GenController.editSave()', 'POST', 1, 'admin', '研发部门', '/tool/gen/edit', '127.0.0.1', '内网IP', '{\"tableId\":[\"3\"],\"tableName\":[\"tg_user_message\"],\"tableComment\":[\"用户信息表\"],\"className\":[\"TgUserMessage\"],\"functionAuthor\":[\"ruoyi\"],\"remark\":[\"\"],\"columns[0].columnId\":[\"14\"],\"columns[0].sort\":[\"1\"],\"columns[0].columnComment\":[\"\"],\"columns[0].javaType\":[\"Long\"],\"columns[0].javaField\":[\"id\"],\"columns[0].isInsert\":[\"1\"],\"columns[0].queryType\":[\"EQ\"],\"columns[0].htmlType\":[\"input\"],\"columns[0].dictType\":[\"\"],\"columns[1].columnId\":[\"15\"],\"columns[1].sort\":[\"2\"],\"columns[1].columnComment\":[\"用户id\"],\"columns[1].javaType\":[\"String\"],\"columns[1].javaField\":[\"userId\"],\"columns[1].isInsert\":[\"1\"],\"columns[1].isEdit\":[\"1\"],\"columns[1].isList\":[\"1\"],\"columns[1].isQuery\":[\"1\"],\"columns[1].queryType\":[\"EQ\"],\"columns[1].htmlType\":[\"input\"],\"columns[1].dictType\":[\"\"],\"columns[2].columnId\":[\"16\"],\"columns[2].sort\":[\"3\"],\"columns[2].columnComment\":[\"消息id\"],\"columns[2].javaType\":[\"Long\"],\"columns[2].javaField\":[\"messageId\"],\"columns[2].isInsert\":[\"1\"],\"columns[2].isEdit\":[\"1\"],\"columns[2].isList\":[\"1\"],\"columns[2].isQuery\":[\"1\"],\"columns[2].queryType\":[\"EQ\"],\"columns[2].htmlType\":[\"input\"],\"columns[2].dictType\":[\"\"],\"tplCategory\":[\"crud\"],\"packageName\":[\"com.ruoyi.system\"],\"moduleName\":[\"system\"],\"businessName\":[\"message\"],\"functionName\":[\"用户消息\"],\"params[parentMenuId]\":[\"1\"],\"params[parentMenuName]\":[\"系统管理\"],\"genType\":[\"0\"],\"genPath\":[\"/\"],\"subTableName\":[\"\"],\"params[treeCode]\":[\"\"],\"params[treeParentCode]\":[\"\"],\"params[treeName]\":[\"\"]}', '{\"msg\":\"操作成功\",\"code\":0}', 0, NULL, '2021-11-01 15:41:15');
INSERT INTO `sys_oper_log` VALUES (123, '代码生成', 8, 'com.ruoyi.generator.controller.GenController.download()', 'GET', 1, 'admin', '研发部门', '/tool/gen/download/tg_user_message', '127.0.0.1', '内网IP', '\"tg_user_message\"', NULL, 0, NULL, '2021-11-01 15:41:20');
INSERT INTO `sys_oper_log` VALUES (124, '菜单管理', 1, 'com.ruoyi.web.controller.system.SysMenuController.addSave()', 'POST', 1, 'admin', '研发部门', '/system/menu/add', '127.0.0.1', '内网IP', '{\"parentId\":[\"1\"],\"menuType\":[\"C\"],\"menuName\":[\"tg用户消息管理\"],\"url\":[\"\"],\"target\":[\"menuItem\"],\"perms\":[\"\"],\"orderNum\":[\"1\"],\"icon\":[\"\"],\"visible\":[\"0\"],\"isRefresh\":[\"1\"]}', '{\"msg\":\"操作成功\",\"code\":0}', 0, NULL, '2021-11-01 15:44:43');
INSERT INTO `sys_oper_log` VALUES (125, '菜单管理', 2, 'com.ruoyi.web.controller.system.SysMenuController.editSave()', 'POST', 1, 'admin', '研发部门', '/system/menu/edit', '127.0.0.1', '内网IP', '{\"menuId\":[\"2006\"],\"parentId\":[\"1\"],\"menuType\":[\"C\"],\"menuName\":[\"tg用户消息管理\"],\"url\":[\"#\"],\"target\":[\"menuItem\"],\"perms\":[\"\"],\"orderNum\":[\"0\"],\"icon\":[\"#\"],\"visible\":[\"0\"],\"isRefresh\":[\"1\"]}', '{\"msg\":\"操作成功\",\"code\":0}', 0, NULL, '2021-11-01 15:44:53');
INSERT INTO `sys_oper_log` VALUES (126, '菜单管理', 2, 'com.ruoyi.web.controller.system.SysMenuController.editSave()', 'POST', 1, 'admin', '研发部门', '/system/menu/edit', '127.0.0.1', '内网IP', '{\"menuId\":[\"2006\"],\"parentId\":[\"1\"],\"menuType\":[\"C\"],\"menuName\":[\"TG用户消息管理\"],\"url\":[\"/system/message\"],\"target\":[\"menuItem\"],\"perms\":[\"system:message:view\"],\"orderNum\":[\"0\"],\"icon\":[\"fa fa-commenting\"],\"visible\":[\"0\"],\"isRefresh\":[\"1\"]}', '{\"msg\":\"操作成功\",\"code\":0}', 0, NULL, '2021-11-01 15:45:55');
INSERT INTO `sys_oper_log` VALUES (127, '菜单管理', 1, 'com.ruoyi.web.controller.system.SysMenuController.addSave()', 'POST', 1, 'admin', '研发部门', '/system/menu/add', '127.0.0.1', '内网IP', '{\"parentId\":[\"2006\"],\"menuType\":[\"F\"],\"menuName\":[\"TG用户消息管理查询\"],\"url\":[\"\"],\"target\":[\"menuItem\"],\"perms\":[\"system:message:list\"],\"orderNum\":[\"1\"],\"icon\":[\"\"],\"visible\":[\"0\"],\"isRefresh\":[\"1\"]}', '{\"msg\":\"操作成功\",\"code\":0}', 0, NULL, '2021-11-01 15:46:34');
INSERT INTO `sys_oper_log` VALUES (128, '菜单管理', 1, 'com.ruoyi.web.controller.system.SysMenuController.addSave()', 'POST', 1, 'admin', '研发部门', '/system/menu/add', '127.0.0.1', '内网IP', '{\"parentId\":[\"2000\"],\"menuType\":[\"F\"],\"menuName\":[\"TG用户消息管理新增\"],\"url\":[\"\"],\"target\":[\"menuItem\"],\"perms\":[\"system:message:add\"],\"orderNum\":[\"1\"],\"icon\":[\"\"],\"visible\":[\"0\"],\"isRefresh\":[\"1\"]}', '{\"msg\":\"操作成功\",\"code\":0}', 0, NULL, '2021-11-01 15:47:08');
INSERT INTO `sys_oper_log` VALUES (129, '菜单管理', 1, 'com.ruoyi.web.controller.system.SysMenuController.addSave()', 'POST', 1, 'admin', '研发部门', '/system/menu/add', '127.0.0.1', '内网IP', '{\"parentId\":[\"2006\"],\"menuType\":[\"F\"],\"menuName\":[\"tg用户消息管理修改\"],\"url\":[\"\"],\"target\":[\"menuItem\"],\"perms\":[\"system:message:edit\"],\"orderNum\":[\"1\"],\"icon\":[\"\"],\"visible\":[\"0\"],\"isRefresh\":[\"1\"]}', '{\"msg\":\"操作成功\",\"code\":0}', 0, NULL, '2021-11-01 15:47:36');
INSERT INTO `sys_oper_log` VALUES (130, '菜单管理', 1, 'com.ruoyi.web.controller.system.SysMenuController.addSave()', 'POST', 1, 'admin', '研发部门', '/system/menu/add', '127.0.0.1', '内网IP', '{\"parentId\":[\"2006\"],\"menuType\":[\"F\"],\"menuName\":[\"tg用户消息管理删除\"],\"url\":[\"\"],\"target\":[\"menuItem\"],\"perms\":[\"system:message:remove\"],\"orderNum\":[\"1\"],\"icon\":[\"\"],\"visible\":[\"0\"],\"isRefresh\":[\"1\"]}', '{\"msg\":\"操作成功\",\"code\":0}', 0, NULL, '2021-11-01 15:47:58');
INSERT INTO `sys_oper_log` VALUES (131, '菜单管理', 2, 'com.ruoyi.web.controller.system.SysMenuController.editSave()', 'POST', 1, 'admin', '研发部门', '/system/menu/edit', '127.0.0.1', '内网IP', '{\"menuId\":[\"2008\"],\"parentId\":[\"2006\"],\"menuType\":[\"F\"],\"menuName\":[\"TG用户消息管理新增\"],\"url\":[\"#\"],\"target\":[\"menuItem\"],\"perms\":[\"system:message:add\"],\"orderNum\":[\"1\"],\"icon\":[\"#\"],\"visible\":[\"0\"],\"isRefresh\":[\"1\"]}', '{\"msg\":\"操作成功\",\"code\":0}', 0, NULL, '2021-11-01 15:48:21');
INSERT INTO `sys_oper_log` VALUES (132, '用户消息', 1, 'com.ruoyi.web.controller.system.TgUserMessageController.addSave()', 'POST', 1, 'admin', '研发部门', '/system/message/add', '127.0.0.1', '内网IP', '{\"userId\":[\"aaaa\"],\"messageId\":[\"11111\"]}', '{\"msg\":\"操作成功\",\"code\":0}', 0, NULL, '2021-11-01 15:48:34');
INSERT INTO `sys_oper_log` VALUES (133, '用户消息', 2, 'com.ruoyi.web.controller.system.TgUserMessageController.editSave()', 'POST', 1, 'admin', '研发部门', '/system/message/edit', '127.0.0.1', '内网IP', '{\"id\":[\"1\"],\"userId\":[\"aaaa\"],\"messageId\":[\"11111112\"]}', '{\"msg\":\"操作成功\",\"code\":0}', 0, NULL, '2021-11-01 15:48:41');
INSERT INTO `sys_oper_log` VALUES (134, '用户消息', 3, 'com.ruoyi.web.controller.system.TgUserMessageController.remove()', 'POST', 1, 'admin', '研发部门', '/system/message/remove', '127.0.0.1', '内网IP', '{\"ids\":[\"1\"]}', '{\"msg\":\"操作成功\",\"code\":0}', 0, NULL, '2021-11-01 15:48:44');
INSERT INTO `sys_oper_log` VALUES (135, '角色管理', 2, 'com.ruoyi.web.controller.system.SysRoleController.editSave()', 'POST', 1, 'admin', '研发部门', '/system/role/edit', '127.0.0.1', '内网IP', '{\"roleId\":[\"2\"],\"roleName\":[\"普通角色\"],\"roleKey\":[\"common\"],\"roleSort\":[\"2\"],\"status\":[\"0\"],\"remark\":[\"普通角色\"],\"menuIds\":[\"1,2006,2007,2008,2009,2010,2000,2001,2002,2003,2004,2005\"]}', '{\"msg\":\"操作成功\",\"code\":0}', 0, NULL, '2021-11-01 15:49:33');
INSERT INTO `sys_oper_log` VALUES (136, '用户管理', 1, 'com.ruoyi.web.controller.system.SysUserController.addSave()', 'POST', 1, 'admin', '研发部门', '/system/user/add', '127.0.0.1', '内网IP', '{\"deptId\":[\"\"],\"userName\":[\"管理员\"],\"deptName\":[\"\"],\"phonenumber\":[\"\"],\"email\":[\"\"],\"loginName\":[\"admin123\"],\"sex\":[\"0\"],\"role\":[\"2\"],\"remark\":[\"\"],\"status\":[\"0\"],\"roleIds\":[\"2\"],\"postIds\":[\"\"]}', '{\"msg\":\"操作成功\",\"code\":0}', 0, NULL, '2021-11-01 15:50:47');
INSERT INTO `sys_oper_log` VALUES (137, '重置密码', 2, 'com.ruoyi.web.controller.system.SysProfileController.resetPwd()', 'POST', 1, 'admin', '研发部门', '/system/user/profile/resetPwd', '127.0.0.1', '内网IP', '{\"userId\":[\"1\"],\"loginName\":[\"admin\"]}', '{\"msg\":\"操作成功\",\"code\":0}', 0, NULL, '2021-11-01 15:53:15');
INSERT INTO `sys_oper_log` VALUES (138, '角色管理', 2, 'com.ruoyi.web.controller.system.SysRoleController.editSave()', 'POST', 1, 'admin', '研发部门', '/system/role/edit', '127.0.0.1', '内网IP', '{\"roleId\":[\"2\"],\"roleName\":[\"普通角色\"],\"roleKey\":[\"common\"],\"roleSort\":[\"2\"],\"status\":[\"0\"],\"remark\":[\"普通角色\"],\"menuIds\":[\"1,2006,2007,2008,2009,2010,2000,2001,2002,2003,2004,2005\"]}', '{\"msg\":\"操作成功\",\"code\":0}', 0, NULL, '2021-11-01 15:54:18');
INSERT INTO `sys_oper_log` VALUES (139, '字典数据', 1, 'com.ruoyi.web.controller.system.SysDictDataController.addSave()', 'POST', 1, 'admin', '研发部门', '/system/dict/data/add', '127.0.0.1', '内网IP', '{\"dictLabel\":[\"验证中\"],\"dictValue\":[\"0\"],\"dictType\":[\"tg_if_ban\"],\"cssClass\":[\"\"],\"dictSort\":[\"3\"],\"listClass\":[\"info\"],\"isDefault\":[\"Y\"],\"status\":[\"0\"],\"remark\":[\"\"]}', '{\"msg\":\"操作成功\",\"code\":0}', 0, NULL, '2021-11-01 16:44:57');
INSERT INTO `sys_oper_log` VALUES (140, '字典数据', 2, 'com.ruoyi.web.controller.system.SysDictDataController.editSave()', 'POST', 1, 'admin', '研发部门', '/system/dict/data/edit', '127.0.0.1', '内网IP', '{\"dictCode\":[\"100\"],\"dictLabel\":[\"正常\"],\"dictValue\":[\"1\"],\"dictType\":[\"tg_if_ban\"],\"cssClass\":[\"\"],\"dictSort\":[\"1\"],\"listClass\":[\"primary\"],\"isDefault\":[\"Y\"],\"status\":[\"0\"],\"remark\":[\"\"]}', '{\"msg\":\"操作成功\",\"code\":0}', 0, NULL, '2021-11-01 16:45:28');
INSERT INTO `sys_oper_log` VALUES (141, '字典数据', 2, 'com.ruoyi.web.controller.system.SysDictDataController.editSave()', 'POST', 1, 'admin', '研发部门', '/system/dict/data/edit', '127.0.0.1', '内网IP', '{\"dictCode\":[\"102\"],\"dictLabel\":[\"验证中\"],\"dictValue\":[\"0\"],\"dictType\":[\"tg_if_ban\"],\"cssClass\":[\"\"],\"dictSort\":[\"0\"],\"listClass\":[\"info\"],\"isDefault\":[\"Y\"],\"status\":[\"0\"],\"remark\":[\"\"]}', '{\"msg\":\"操作成功\",\"code\":0}', 0, NULL, '2021-11-01 16:45:32');
INSERT INTO `sys_oper_log` VALUES (142, 'tg用户管理', 2, 'com.ruoyi.web.controller.system.TgUserController.editSave()', 'POST', 1, 'admin123', NULL, '/system/tgUser/edit', '127.0.0.1', '内网IP', '{\"id\":[\"11\"],\"userId\":[\"2089936270\"],\"chatId\":[\"-1001792759522\"],\"ifBan\":[\"1\"],\"verificationCode\":[\"ag7b\"],\"trueRes\":[\"ag7b\"]}', '{\"msg\":\"操作成功\",\"code\":0}', 0, NULL, '2021-11-01 17:49:16');
INSERT INTO `sys_oper_log` VALUES (143, '用户消息', 2, 'com.ruoyi.web.controller.system.TgUserMessageController.editSave()', 'POST', 1, 'admin123', NULL, '/system/message/edit', '127.0.0.1', '内网IP', '{\"id\":[\"8\"],\"userId\":[\"2089936270\"],\"messageId\":[\"149\"],\"chatId\":[\"-1001792759522\"],\"messageContent\":[\"并不能啊\"]}', '{\"msg\":\"操作成功\",\"code\":0}', 0, NULL, '2021-11-01 17:54:30');
INSERT INTO `sys_oper_log` VALUES (144, '用户消息', 3, 'com.ruoyi.web.controller.system.TgUserMessageController.remove()', 'POST', 1, 'admin123', NULL, '/system/message/remove', '127.0.0.1', '内网IP', '{\"ids\":[\"9\"]}', '{\"msg\":\"操作成功\",\"code\":0}', 0, NULL, '2021-11-01 18:00:31');
INSERT INTO `sys_oper_log` VALUES (145, 'tg用户管理', 2, 'com.ruoyi.web.controller.system.TgUserController.editSave()', 'POST', 1, 'admin123', NULL, '/system/tgUser/edit', '127.0.0.1', '内网IP', '{\"id\":[\"11\"],\"userId\":[\"2089936270\"],\"chatId\":[\"-1001792759522\"],\"ifBan\":[\"1\"],\"verificationCode\":[\"x6bn\"],\"trueRes\":[\"x6bn\"]}', '{\"msg\":\"操作成功\",\"code\":0}', 0, NULL, '2021-11-01 18:07:35');
INSERT INTO `sys_oper_log` VALUES (146, 'tg用户管理', 2, 'com.ruoyi.web.controller.system.TgUserController.editSave()', 'POST', 1, 'admin123', NULL, '/system/tgUser/edit', '127.0.0.1', '内网IP', '{\"id\":[\"11\"],\"userId\":[\"2089936270\"],\"chatId\":[\"-1001792759522\"],\"ifBan\":[\"1\"],\"verificationCode\":[\"327f\"],\"trueRes\":[\"327f\"]}', '{\"msg\":\"操作成功\",\"code\":0}', 0, NULL, '2021-11-01 18:15:04');
INSERT INTO `sys_oper_log` VALUES (147, '用户消息', 3, 'com.ruoyi.web.controller.system.TgUserMessageController.remove()', 'POST', 1, 'admin123', NULL, '/system/message/remove', '127.0.0.1', '内网IP', '{\"ids\":[\"17\"]}', '{\"msg\":\"操作成功\",\"code\":0}', 0, NULL, '2021-11-01 18:17:58');
INSERT INTO `sys_oper_log` VALUES (148, '用户消息', 3, 'com.ruoyi.web.controller.system.TgUserMessageController.remove()', 'POST', 1, 'admin123', NULL, '/system/message/remove', '127.0.0.1', '内网IP', '{\"ids\":[\"18\"]}', '{\"msg\":\"操作成功\",\"code\":0}', 0, NULL, '2021-11-01 18:43:52');
INSERT INTO `sys_oper_log` VALUES (149, '用户消息', 3, 'com.ruoyi.web.controller.system.TgUserMessageController.remove()', 'POST', 1, 'admin123', NULL, '/system/message/remove', '127.0.0.1', '内网IP', '{\"ids\":[\"19\"]}', '{\"msg\":\"操作成功\",\"code\":0}', 0, NULL, '2021-11-01 18:43:57');
INSERT INTO `sys_oper_log` VALUES (150, '用户消息', 3, 'com.ruoyi.web.controller.system.TgUserMessageController.remove()', 'POST', 1, 'admin123', NULL, '/system/message/remove', '127.0.0.1', '内网IP', '{\"ids\":[\"20\"]}', '{\"msg\":\"操作成功\",\"code\":0}', 0, NULL, '2021-11-01 18:44:12');
INSERT INTO `sys_oper_log` VALUES (151, '用户消息', 3, 'com.ruoyi.web.controller.system.TgUserMessageController.remove()', 'POST', 1, 'admin123', NULL, '/system/message/remove', '127.0.0.1', '内网IP', '{\"ids\":[\"21\"]}', '{\"msg\":\"操作成功\",\"code\":0}', 0, NULL, '2021-11-01 18:44:15');
INSERT INTO `sys_oper_log` VALUES (152, '代码生成', 6, 'com.ruoyi.generator.controller.GenController.importTableSave()', 'POST', 1, 'admin', '研发部门', '/tool/gen/importTable', '127.0.0.1', '内网IP', '{\"tables\":[\"tg_bot_token\"]}', '{\"msg\":\"操作成功\",\"code\":0}', 0, NULL, '2021-11-01 19:38:47');
INSERT INTO `sys_oper_log` VALUES (153, '代码生成', 2, 'com.ruoyi.generator.controller.GenController.editSave()', 'POST', 1, 'admin', '研发部门', '/tool/gen/edit', '127.0.0.1', '内网IP', '{\"tableId\":[\"4\"],\"tableName\":[\"tg_bot_token\"],\"tableComment\":[\"机器人token\"],\"className\":[\"TgBotToken\"],\"functionAuthor\":[\"ruoyi\"],\"remark\":[\"\"],\"columns[0].columnId\":[\"17\"],\"columns[0].sort\":[\"1\"],\"columns[0].columnComment\":[\"注册得到的机器人token\"],\"columns[0].javaType\":[\"String\"],\"columns[0].javaField\":[\"token\"],\"columns[0].isInsert\":[\"1\"],\"columns[0].isEdit\":[\"1\"],\"columns[0].isList\":[\"1\"],\"columns[0].isQuery\":[\"1\"],\"columns[0].queryType\":[\"EQ\"],\"columns[0].htmlType\":[\"input\"],\"columns[0].dictType\":[\"\"],\"tplCategory\":[\"crud\"],\"packageName\":[\"com.ruoyi.system\"],\"moduleName\":[\"system\"],\"businessName\":[\"token\"],\"functionName\":[\"机器人token\"],\"params[parentMenuId]\":[\"1\"],\"params[parentMenuName]\":[\"系统管理\"],\"genType\":[\"0\"],\"genPath\":[\"/\"],\"subTableName\":[\"\"],\"params[treeCode]\":[\"\"],\"params[treeParentCode]\":[\"\"],\"params[treeName]\":[\"\"]}', '{\"msg\":\"操作成功\",\"code\":0}', 0, NULL, '2021-11-01 19:39:49');
INSERT INTO `sys_oper_log` VALUES (154, '代码生成', 8, 'com.ruoyi.generator.controller.GenController.download()', 'GET', 1, 'admin', '研发部门', '/tool/gen/download/tg_bot_token', '127.0.0.1', '内网IP', '\"tg_bot_token\"', NULL, 0, NULL, '2021-11-01 19:40:00');
INSERT INTO `sys_oper_log` VALUES (155, 'tg用户管理', 2, 'com.ruoyi.web.controller.system.TgUserController.editSave()', 'POST', 1, 'admin123', NULL, '/system/tgUser/edit', '127.0.0.1', '内网IP', '{\"id\":[\"11\"],\"userId\":[\"2089936270\"],\"chatId\":[\"-1001792759522\"],\"ifBan\":[\"1\"],\"verificationCode\":[\"xyfd\"],\"trueRes\":[\"xyfd\"]}', '{\"msg\":\"操作成功\",\"code\":0}', 0, NULL, '2021-11-02 09:20:18');
INSERT INTO `sys_oper_log` VALUES (156, 'tg用户管理', 2, 'com.ruoyi.web.controller.system.TgUserController.editSave()', 'POST', 1, 'admin123', NULL, '/system/tgUser/edit', '127.0.0.1', '内网IP', '{\"id\":[\"11\"],\"userId\":[\"2089936270\"],\"chatId\":[\"-1001792759522\"],\"ifBan\":[\"1\"],\"verificationCode\":[\"527b\"],\"trueRes\":[\"527b\"]}', '{\"msg\":\"操作成功\",\"code\":0}', 0, NULL, '2021-11-02 09:30:40');

-- ----------------------------
-- Table structure for sys_post
-- ----------------------------
DROP TABLE IF EXISTS `sys_post`;
CREATE TABLE `sys_post`  (
  `post_id` bigint(0) NOT NULL AUTO_INCREMENT COMMENT '岗位ID',
  `post_code` varchar(64) CHARACTER SET utf8 COLLATE utf8_bin NOT NULL COMMENT '岗位编码',
  `post_name` varchar(50) CHARACTER SET utf8 COLLATE utf8_bin NOT NULL COMMENT '岗位名称',
  `post_sort` int(0) NOT NULL COMMENT '显示顺序',
  `status` char(1) CHARACTER SET utf8 COLLATE utf8_bin NOT NULL COMMENT '状态（0正常 1停用）',
  `create_by` varchar(64) CHARACTER SET utf8 COLLATE utf8_bin NULL DEFAULT '' COMMENT '创建者',
  `create_time` datetime(0) NULL DEFAULT NULL COMMENT '创建时间',
  `update_by` varchar(64) CHARACTER SET utf8 COLLATE utf8_bin NULL DEFAULT '' COMMENT '更新者',
  `update_time` datetime(0) NULL DEFAULT NULL COMMENT '更新时间',
  `remark` varchar(500) CHARACTER SET utf8 COLLATE utf8_bin NULL DEFAULT NULL COMMENT '备注',
  PRIMARY KEY (`post_id`) USING BTREE
) ENGINE = InnoDB AUTO_INCREMENT = 4 CHARACTER SET = utf8 COLLATE = utf8_bin COMMENT = '岗位信息表' ROW_FORMAT = Dynamic;

-- ----------------------------
-- Records of sys_post
-- ----------------------------
INSERT INTO `sys_post` VALUES (1, 'ceo', '董事长', 1, '0', 'admin', '2021-10-28 11:41:05', '', NULL, '');
INSERT INTO `sys_post` VALUES (2, 'se', '项目经理', 2, '0', 'admin', '2021-10-28 11:41:05', '', NULL, '');
INSERT INTO `sys_post` VALUES (3, 'hr', '人力资源', 3, '0', 'admin', '2021-10-28 11:41:05', '', NULL, '');
INSERT INTO `sys_post` VALUES (4, 'user', '普通员工', 4, '0', 'admin', '2021-10-28 11:41:05', '', NULL, '');

-- ----------------------------
-- Table structure for sys_role
-- ----------------------------
DROP TABLE IF EXISTS `sys_role`;
CREATE TABLE `sys_role`  (
  `role_id` bigint(0) NOT NULL AUTO_INCREMENT COMMENT '角色ID',
  `role_name` varchar(30) CHARACTER SET utf8 COLLATE utf8_bin NOT NULL COMMENT '角色名称',
  `role_key` varchar(100) CHARACTER SET utf8 COLLATE utf8_bin NOT NULL COMMENT '角色权限字符串',
  `role_sort` int(0) NOT NULL COMMENT '显示顺序',
  `data_scope` char(1) CHARACTER SET utf8 COLLATE utf8_bin NULL DEFAULT '1' COMMENT '数据范围（1：全部数据权限 2：自定数据权限 3：本部门数据权限 4：本部门及以下数据权限）',
  `status` char(1) CHARACTER SET utf8 COLLATE utf8_bin NOT NULL COMMENT '角色状态（0正常 1停用）',
  `del_flag` char(1) CHARACTER SET utf8 COLLATE utf8_bin NULL DEFAULT '0' COMMENT '删除标志（0代表存在 2代表删除）',
  `create_by` varchar(64) CHARACTER SET utf8 COLLATE utf8_bin NULL DEFAULT '' COMMENT '创建者',
  `create_time` datetime(0) NULL DEFAULT NULL COMMENT '创建时间',
  `update_by` varchar(64) CHARACTER SET utf8 COLLATE utf8_bin NULL DEFAULT '' COMMENT '更新者',
  `update_time` datetime(0) NULL DEFAULT NULL COMMENT '更新时间',
  `remark` varchar(500) CHARACTER SET utf8 COLLATE utf8_bin NULL DEFAULT NULL COMMENT '备注',
  PRIMARY KEY (`role_id`) USING BTREE
) ENGINE = InnoDB AUTO_INCREMENT = 2 CHARACTER SET = utf8 COLLATE = utf8_bin COMMENT = '角色信息表' ROW_FORMAT = Dynamic;

-- ----------------------------
-- Records of sys_role
-- ----------------------------
INSERT INTO `sys_role` VALUES (1, '超级管理员', 'admin', 1, '1', '0', '0', 'admin', '2021-10-28 11:41:06', '', NULL, '超级管理员');
INSERT INTO `sys_role` VALUES (2, '普通角色', 'common', 2, '2', '0', '0', 'admin', '2021-10-28 11:41:06', 'admin', '2021-11-01 15:54:18', '普通角色');

-- ----------------------------
-- Table structure for sys_role_dept
-- ----------------------------
DROP TABLE IF EXISTS `sys_role_dept`;
CREATE TABLE `sys_role_dept`  (
  `role_id` bigint(0) NOT NULL COMMENT '角色ID',
  `dept_id` bigint(0) NOT NULL COMMENT '部门ID',
  PRIMARY KEY (`role_id`, `dept_id`) USING BTREE
) ENGINE = InnoDB CHARACTER SET = utf8 COLLATE = utf8_bin COMMENT = '角色和部门关联表' ROW_FORMAT = Dynamic;

-- ----------------------------
-- Records of sys_role_dept
-- ----------------------------
INSERT INTO `sys_role_dept` VALUES (2, 100);
INSERT INTO `sys_role_dept` VALUES (2, 101);
INSERT INTO `sys_role_dept` VALUES (2, 105);

-- ----------------------------
-- Table structure for sys_role_menu
-- ----------------------------
DROP TABLE IF EXISTS `sys_role_menu`;
CREATE TABLE `sys_role_menu`  (
  `role_id` bigint(0) NOT NULL COMMENT '角色ID',
  `menu_id` bigint(0) NOT NULL COMMENT '菜单ID',
  PRIMARY KEY (`role_id`, `menu_id`) USING BTREE
) ENGINE = InnoDB CHARACTER SET = utf8 COLLATE = utf8_bin COMMENT = '角色和菜单关联表' ROW_FORMAT = Dynamic;

-- ----------------------------
-- Records of sys_role_menu
-- ----------------------------
INSERT INTO `sys_role_menu` VALUES (2, 1);
INSERT INTO `sys_role_menu` VALUES (2, 2000);
INSERT INTO `sys_role_menu` VALUES (2, 2001);
INSERT INTO `sys_role_menu` VALUES (2, 2002);
INSERT INTO `sys_role_menu` VALUES (2, 2003);
INSERT INTO `sys_role_menu` VALUES (2, 2004);
INSERT INTO `sys_role_menu` VALUES (2, 2005);
INSERT INTO `sys_role_menu` VALUES (2, 2006);
INSERT INTO `sys_role_menu` VALUES (2, 2007);
INSERT INTO `sys_role_menu` VALUES (2, 2008);
INSERT INTO `sys_role_menu` VALUES (2, 2009);
INSERT INTO `sys_role_menu` VALUES (2, 2010);

-- ----------------------------
-- Table structure for sys_user
-- ----------------------------
DROP TABLE IF EXISTS `sys_user`;
CREATE TABLE `sys_user`  (
  `user_id` bigint(0) NOT NULL AUTO_INCREMENT COMMENT '用户ID',
  `dept_id` bigint(0) NULL DEFAULT NULL COMMENT '部门ID',
  `login_name` varchar(30) CHARACTER SET utf8 COLLATE utf8_bin NOT NULL COMMENT '登录账号',
  `user_name` varchar(30) CHARACTER SET utf8 COLLATE utf8_bin NULL DEFAULT '' COMMENT '用户昵称',
  `user_type` varchar(2) CHARACTER SET utf8 COLLATE utf8_bin NULL DEFAULT '00' COMMENT '用户类型（00系统用户 01注册用户）',
  `email` varchar(50) CHARACTER SET utf8 COLLATE utf8_bin NULL DEFAULT '' COMMENT '用户邮箱',
  `phonenumber` varchar(11) CHARACTER SET utf8 COLLATE utf8_bin NULL DEFAULT '' COMMENT '手机号码',
  `sex` char(1) CHARACTER SET utf8 COLLATE utf8_bin NULL DEFAULT '0' COMMENT '用户性别（0男 1女 2未知）',
  `avatar` varchar(100) CHARACTER SET utf8 COLLATE utf8_bin NULL DEFAULT '' COMMENT '头像路径',
  `password` varchar(50) CHARACTER SET utf8 COLLATE utf8_bin NULL DEFAULT '' COMMENT '密码',
  `salt` varchar(20) CHARACTER SET utf8 COLLATE utf8_bin NULL DEFAULT '' COMMENT '盐加密',
  `status` char(1) CHARACTER SET utf8 COLLATE utf8_bin NULL DEFAULT '0' COMMENT '帐号状态（0正常 1停用）',
  `del_flag` char(1) CHARACTER SET utf8 COLLATE utf8_bin NULL DEFAULT '0' COMMENT '删除标志（0代表存在 2代表删除）',
  `login_ip` varchar(128) CHARACTER SET utf8 COLLATE utf8_bin NULL DEFAULT '' COMMENT '最后登录IP',
  `login_date` datetime(0) NULL DEFAULT NULL COMMENT '最后登录时间',
  `pwd_update_date` datetime(0) NULL DEFAULT NULL COMMENT '密码最后更新时间',
  `create_by` varchar(64) CHARACTER SET utf8 COLLATE utf8_bin NULL DEFAULT '' COMMENT '创建者',
  `create_time` datetime(0) NULL DEFAULT NULL COMMENT '创建时间',
  `update_by` varchar(64) CHARACTER SET utf8 COLLATE utf8_bin NULL DEFAULT '' COMMENT '更新者',
  `update_time` datetime(0) NULL DEFAULT NULL COMMENT '更新时间',
  `remark` varchar(500) CHARACTER SET utf8 COLLATE utf8_bin NULL DEFAULT NULL COMMENT '备注',
  PRIMARY KEY (`user_id`) USING BTREE
) ENGINE = InnoDB AUTO_INCREMENT = 2 CHARACTER SET = utf8 COLLATE = utf8_bin COMMENT = '用户信息表' ROW_FORMAT = Dynamic;

-- ----------------------------
-- Records of sys_user
-- ----------------------------
INSERT INTO `sys_user` VALUES (1, 103, 'admin', '若依', '00', 'ry@163.com', '15888888888', '1', '', '14c0790121d0a4d3b61f454f63020499', '9f0370', '0', '0', '127.0.0.1', '2021-11-01 19:38:36', '2021-11-01 15:53:15', 'admin', '2021-10-28 11:41:05', '', '2021-11-01 19:38:36', '管理员');
INSERT INTO `sys_user` VALUES (2, 105, 'ry', '若依', '00', 'ry@qq.com', '15666666666', '1', '', '8e6d98b90472783cc73c17047ddccf36', '222222', '0', '0', '127.0.0.1', '2021-10-28 11:41:05', '2021-10-28 11:41:05', 'admin', '2021-10-28 11:41:05', '', NULL, '测试员');
INSERT INTO `sys_user` VALUES (100, NULL, 'admin123', '管理员', '00', '', '', '0', '', '0a0b65e74bcc83eef5ece2017b91986e', 'b662ca', '0', '0', '127.0.0.1', '2021-11-02 09:27:38', NULL, 'admin', '2021-11-01 15:50:47', '', '2021-11-02 09:27:38', NULL);

-- ----------------------------
-- Table structure for sys_user_online
-- ----------------------------
DROP TABLE IF EXISTS `sys_user_online`;
CREATE TABLE `sys_user_online`  (
  `sessionId` varchar(50) CHARACTER SET utf8 COLLATE utf8_bin NOT NULL DEFAULT '' COMMENT '用户会话id',
  `login_name` varchar(50) CHARACTER SET utf8 COLLATE utf8_bin NULL DEFAULT '' COMMENT '登录账号',
  `dept_name` varchar(50) CHARACTER SET utf8 COLLATE utf8_bin NULL DEFAULT '' COMMENT '部门名称',
  `ipaddr` varchar(128) CHARACTER SET utf8 COLLATE utf8_bin NULL DEFAULT '' COMMENT '登录IP地址',
  `login_location` varchar(255) CHARACTER SET utf8 COLLATE utf8_bin NULL DEFAULT '' COMMENT '登录地点',
  `browser` varchar(50) CHARACTER SET utf8 COLLATE utf8_bin NULL DEFAULT '' COMMENT '浏览器类型',
  `os` varchar(50) CHARACTER SET utf8 COLLATE utf8_bin NULL DEFAULT '' COMMENT '操作系统',
  `status` varchar(10) CHARACTER SET utf8 COLLATE utf8_bin NULL DEFAULT '' COMMENT '在线状态on_line在线off_line离线',
  `start_timestamp` datetime(0) NULL DEFAULT NULL COMMENT 'session创建时间',
  `last_access_time` datetime(0) NULL DEFAULT NULL COMMENT 'session最后访问时间',
  `expire_time` int(0) NULL DEFAULT 0 COMMENT '超时时间，单位为分钟',
  PRIMARY KEY (`sessionId`) USING BTREE
) ENGINE = InnoDB CHARACTER SET = utf8 COLLATE = utf8_bin COMMENT = '在线用户记录' ROW_FORMAT = Dynamic;

-- ----------------------------
-- Records of sys_user_online
-- ----------------------------
INSERT INTO `sys_user_online` VALUES ('ceddaa24-d6c5-4dc2-bee6-58f7c97e381e', 'admin123', NULL, '127.0.0.1', '内网IP', 'Chrome 9', 'Windows 10', 'on_line', '2021-11-02 09:19:56', '2021-11-02 09:30:36', 1800000);

-- ----------------------------
-- Table structure for sys_user_post
-- ----------------------------
DROP TABLE IF EXISTS `sys_user_post`;
CREATE TABLE `sys_user_post`  (
  `user_id` bigint(0) NOT NULL COMMENT '用户ID',
  `post_id` bigint(0) NOT NULL COMMENT '岗位ID',
  PRIMARY KEY (`user_id`, `post_id`) USING BTREE
) ENGINE = InnoDB CHARACTER SET = utf8 COLLATE = utf8_bin COMMENT = '用户与岗位关联表' ROW_FORMAT = Dynamic;

-- ----------------------------
-- Records of sys_user_post
-- ----------------------------
INSERT INTO `sys_user_post` VALUES (1, 1);
INSERT INTO `sys_user_post` VALUES (2, 2);

-- ----------------------------
-- Table structure for sys_user_role
-- ----------------------------
DROP TABLE IF EXISTS `sys_user_role`;
CREATE TABLE `sys_user_role`  (
  `user_id` bigint(0) NOT NULL COMMENT '用户ID',
  `role_id` bigint(0) NOT NULL COMMENT '角色ID',
  PRIMARY KEY (`user_id`, `role_id`) USING BTREE
) ENGINE = InnoDB CHARACTER SET = utf8 COLLATE = utf8_bin COMMENT = '用户和角色关联表' ROW_FORMAT = Dynamic;

-- ----------------------------
-- Records of sys_user_role
-- ----------------------------
INSERT INTO `sys_user_role` VALUES (1, 1);
INSERT INTO `sys_user_role` VALUES (2, 2);
INSERT INTO `sys_user_role` VALUES (100, 2);

-- ----------------------------
-- Table structure for tg_bot_token
-- ----------------------------
DROP TABLE IF EXISTS `tg_bot_token`;
CREATE TABLE `tg_bot_token`  (
  `token` varchar(255) CHARACTER SET utf8 COLLATE utf8_bin NULL DEFAULT NULL COMMENT '注册得到的机器人token'
) ENGINE = InnoDB CHARACTER SET = utf8 COLLATE = utf8_bin ROW_FORMAT = Dynamic;

-- ----------------------------
-- Records of tg_bot_token
-- ----------------------------
INSERT INTO `tg_bot_token` VALUES ('2083591015:AAEm4Ek8stZqHiBsSo8ozSwCPqy00b-GvDU');

-- ----------------------------
-- Table structure for tg_user
-- ----------------------------
DROP TABLE IF EXISTS `tg_user`;
CREATE TABLE `tg_user`  (
  `id` int(0) NOT NULL AUTO_INCREMENT COMMENT '编号',
  `user_id` varchar(255) CHARACTER SET utf8 COLLATE utf8_bin NULL DEFAULT NULL COMMENT 'tg用户id',
  `chat_id` varchar(255) CHARACTER SET utf8 COLLATE utf8_bin NULL DEFAULT NULL COMMENT '所属会话',
  `if_ban` int(0) NULL DEFAULT NULL COMMENT '是否封禁',
  `verification_code` varchar(255) CHARACTER SET utf8 COLLATE utf8_bin NULL DEFAULT NULL COMMENT '验证码',
  `true_res` varchar(255) CHARACTER SET utf8 COLLATE utf8_bin NULL DEFAULT NULL COMMENT '正确结果',
  `create_time` timestamp(0) NULL DEFAULT NULL COMMENT '创建时间',
  PRIMARY KEY (`id`) USING BTREE
) ENGINE = InnoDB AUTO_INCREMENT = 8 CHARACTER SET = utf8 COLLATE = utf8_bin ROW_FORMAT = Dynamic;

-- ----------------------------
-- Records of tg_user
-- ----------------------------
INSERT INTO `tg_user` VALUES (11, '2089936270', '-1001792759522', 1, '527b', '527b', '2021-11-02 09:28:48');

-- ----------------------------
-- Table structure for tg_user_message
-- ----------------------------
DROP TABLE IF EXISTS `tg_user_message`;
CREATE TABLE `tg_user_message`  (
  `id` int(0) NOT NULL AUTO_INCREMENT,
  `user_id` varchar(255) CHARACTER SET utf8 COLLATE utf8_bin NULL DEFAULT NULL COMMENT '用户id',
  `chat_id` varchar(255) CHARACTER SET utf8 COLLATE utf8_bin NULL DEFAULT NULL COMMENT '会话id',
  `message_id` bigint(0) NULL DEFAULT NULL COMMENT '消息id',
  `user_name` varchar(255) CHARACTER SET utf8 COLLATE utf8_bin NULL DEFAULT NULL COMMENT '用户名',
  `nick_name` varchar(255) CHARACTER SET utf8 COLLATE utf8_bin NULL DEFAULT NULL COMMENT '昵称',
  `message_content` varchar(255) CHARACTER SET utf8 COLLATE utf8_bin NULL DEFAULT NULL COMMENT '文字内容',
  PRIMARY KEY (`id`) USING BTREE
) ENGINE = InnoDB AUTO_INCREMENT = 1 CHARACTER SET = utf8 COLLATE = utf8_bin COMMENT = '用户信息表' ROW_FORMAT = Dynamic;

-- ----------------------------
-- Records of tg_user_message
-- ----------------------------
INSERT INTO `tg_user_message` VALUES (22, '1982628534', '-1001792759522', 185, '@hhnnnjbb', '555666', '叫你奶奶');
INSERT INTO `tg_user_message` VALUES (23, '1982628534', '-1001792759522', 186, '@hhnnnjbb', '555666', '测试信息');
INSERT INTO `tg_user_message` VALUES (24, '1982628534', '-1001792759522', 187, '@hhnnnjbb', '555666', '荷花奖');
INSERT INTO `tg_user_message` VALUES (34, '2083591015', '-1001792759522', 210, '@xia_test_bot', '-', '');

SET FOREIGN_KEY_CHECKS = 1;
